horizon_start,date,h,em,yoy_fc,yoy_act,gap_pp
2025-04-01,2025-04-01,1,EM3,-1.9702,-0.8165,-1.1537
2025-04-01,2025-05-01,2,EM3,-0.6919,0.5817,-1.2736
2025-04-01,2025-06-01,3,EM3,-1.4049,0.2883,-1.6933
2025-04-01,2025-07-01,4,EM3,-0.9742,0.6767,-1.6508
2025-04-01,2025-08-01,5,EM3,0.5223,1.5189,-0.9966
2025-04-01,2025-09-01,6,EM3,0.9911,2.1172,-1.1261
2025-04-01,2025-10-01,7,EM3,1.4835,2.6719,-1.1884
2025-04-01,2025-11-01,8,EM3,1.3493,2.3715,-1.0222
2025-04-01,2025-12-01,9,EM3,0.2512,2.8837,-2.6325
2025-04-01,2026-01-01,10,EM3,-0.9249,2.4225,-3.3474
2025-04-01,2026-02-01,11,EM3,-1.0068,1.5519,-2.5587
2025-04-01,2026-03-01,12,EM3,-0.8797,2.3786,-3.2584
2025-05-01,2025-05-01,1,EM3,-0.611,0.5817,-1.1926
2025-05-01,2025-06-01,2,EM3,-1.2882,0.2883,-1.5765
2025-05-01,2025-07-01,3,EM3,-0.6604,0.6767,-1.337
2025-05-01,2025-08-01,4,EM3,0.5342,1.5189,-0.9847
2025-05-01,2025-09-01,5,EM3,1.2473,2.1172,-0.8699
2025-05-01,2025-10-01,6,EM3,1.8441,2.6719,-0.8279
2025-05-01,2025-11-01,7,EM3,2.1009,2.3715,-0.2707
2025-05-01,2025-12-01,8,EM3,1.3292,2.8837,-1.5545
2025-05-01,2026-01-01,9,EM3,0.7229,2.4225,-1.6996
2025-05-01,2026-02-01,10,EM3,1.0359,1.5519,-0.516
2025-05-01,2026-03-01,11,EM3,1.1166,2.3786,-1.262
2025-05-01,2026-04-01,12,EM3,0.9727,4.7458,-3.773
2025-06-01,2025-06-01,1,EM3,0.17,0.2883,-0.1183
2025-06-01,2025-07-01,2,EM3,0.8228,0.6767,0.1461
2025-06-01,2025-08-01,3,EM3,2.1747,1.5189,0.6558
2025-06-01,2025-09-01,4,EM3,2.5094,2.1172,0.3922
2025-06-01,2025-10-01,5,EM3,3.136,2.6719,0.464
2025-06-01,2025-11-01,6,EM3,3.1189,2.3715,0.7474
2025-06-01,2025-12-01,7,EM3,2.4302,2.8837,-0.4535
2025-06-01,2026-01-01,8,EM3,1.777,2.4225,-0.6455
2025-06-01,2026-02-01,9,EM3,2.0408,1.5519,0.4889
2025-06-01,2026-03-01,10,EM3,2.2519,2.3786,-0.1267
2025-06-01,2026-04-01,11,EM3,2.0433,4.7458,-2.7025
2025-06-01,2026-05-01,12,EM3,1.6681,5.4458,-3.7777
2025-07-01,2025-07-01,1,EM3,-0.6521,0.6767,-1.3287
2025-07-01,2025-08-01,2,EM3,0.62,1.5189,-0.8989
2025-07-01,2025-09-01,3,EM3,1.0408,2.1172,-1.0764
2025-07-01,2025-10-01,4,EM3,1.4976,2.6719,-1.1743
2025-07-01,2025-11-01,5,EM3,1.579,2.3715,-0.7926
2025-07-01,2025-12-01,6,EM3,0.9359,2.8837,-1.9478
2025-07-01,2026-01-01,7,EM3,0.5172,2.4225,-1.9053
2025-07-01,2026-02-01,8,EM3,0.6774,1.5519,-0.8745
2025-07-01,2026-03-01,9,EM3,0.4666,2.3786,-1.912
2025-07-01,2026-04-01,10,EM3,-0.0193,4.7458,-4.765
2025-07-01,2026-05-01,11,EM3,-0.1346,5.4458,-5.5804
2025-07-01,2026-06-01,12,EM3,-0.2014,6.5165,-6.7179
2025-08-01,2025-08-01,1,EM3,4.8268,1.5189,3.308
2025-08-01,2025-09-01,2,EM3,5.4236,2.1172,3.3064
2025-08-01,2025-10-01,3,EM3,6.3666,2.6719,3.6946
2025-08-01,2025-11-01,4,EM3,6.626,2.3715,4.2545
2025-08-01,2025-12-01,5,EM3,6.032,2.8837,3.1483
2025-08-01,2026-01-01,6,EM3,5.9982,2.4225,3.5757
2025-08-01,2026-02-01,7,EM3,6.1383,1.5519,4.5864
2025-08-01,2026-03-01,8,EM3,6.3922,2.3786,4.0136
2025-08-01,2026-04-01,9,EM3,6.4249,4.7458,1.6791
2025-08-01,2026-05-01,10,EM3,5.8462,5.4458,0.4005
2025-08-01,2026-06-01,11,EM3,5.8231,6.5165,-0.6934
2025-08-01,2026-07-01,12,EM3,6.2594,7.2492,-0.9898
2025-09-01,2025-09-01,1,EM3,3.5084,2.1172,1.3912
2025-09-01,2025-10-01,2,EM3,4.0046,2.6719,1.3326
2025-09-01,2025-11-01,3,EM3,4.5935,2.3715,2.2219
2025-09-01,2025-12-01,4,EM3,4.2784,2.8837,1.3948
2025-09-01,2026-01-01,5,EM3,4.0568,2.4225,1.6344
2025-09-01,2026-02-01,6,EM3,4.2468,1.5519,2.6949
2025-09-01,2026-03-01,7,EM3,4.3636,2.3786,1.9849
2025-09-01,2026-04-01,8,EM3,4.7019,4.7458,-0.0439
2025-09-01,2026-05-01,9,EM3,4.785,5.4458,-0.6607
2025-09-01,2026-06-01,10,EM3,4.8516,6.5165,-1.6649
2025-09-01,2026-07-01,11,EM3,5.3377,7.2492,-1.9115
2025-09-01,2026-08-01,12,EM3,5.7849,8.0598,-2.275
2025-04-01,2025-04-01,1,EM9,-1.6271,-0.8165,-0.8106
2025-04-01,2025-05-01,2,EM9,-0.4643,0.5817,-1.046
2025-04-01,2025-06-01,3,EM9,-1.1153,0.2883,-1.4037
2025-04-01,2025-07-01,4,EM9,-0.5969,0.6767,-1.2736
2025-04-01,2025-08-01,5,EM9,0.8047,1.5189,-0.7142
2025-04-01,2025-09-01,6,EM9,1.3571,2.1172,-0.7601
2025-04-01,2025-10-01,7,EM9,1.812,2.6719,-0.86
2025-04-01,2025-11-01,8,EM9,1.7368,2.3715,-0.6348
2025-04-01,2025-12-01,9,EM9,0.6691,2.8837,-2.2146
2025-04-01,2026-01-01,10,EM9,-0.4224,2.4225,-2.8449
2025-04-01,2026-02-01,11,EM9,-0.4613,1.5519,-2.0132
2025-04-01,2026-03-01,12,EM9,-0.3403,2.3786,-2.719
2025-05-01,2025-05-01,1,EM9,0.1993,0.5817,-0.3823
2025-05-01,2025-06-01,2,EM9,-0.5386,0.2883,-0.8269
2025-05-01,2025-07-01,3,EM9,0.0599,0.6767,-0.6168
2025-05-01,2025-08-01,4,EM9,1.432,1.5189,-0.0868
2025-05-01,2025-09-01,5,EM9,1.964,2.1172,-0.1532
2025-05-01,2025-10-01,6,EM9,2.5005,2.6719,-0.1715
2025-05-01,2025-11-01,7,EM9,2.4278,2.3715,0.0563
2025-05-01,2025-12-01,8,EM9,1.3864,2.8837,-1.4972
2025-05-01,2026-01-01,9,EM9,0.5625,2.4225,-1.8599
2025-05-01,2026-02-01,10,EM9,0.6582,1.5519,-0.8937
2025-05-01,2026-03-01,11,EM9,0.7411,2.3786,-1.6375
2025-05-01,2026-04-01,12,EM9,0.5652,4.7458,-4.1805
2025-06-01,2025-06-01,1,EM9,-1.2149,0.2883,-1.5032
2025-06-01,2025-07-01,2,EM9,-0.5515,0.6767,-1.2281
2025-06-01,2025-08-01,3,EM9,0.8336,1.5189,-0.6852
2025-06-01,2025-09-01,4,EM9,1.3425,2.1172,-0.7747
2025-06-01,2025-10-01,5,EM9,1.9184,2.6719,-0.7535
2025-06-01,2025-11-01,6,EM9,2.0055,2.3715,-0.366
2025-06-01,2025-12-01,7,EM9,1.2266,2.8837,-1.6571
2025-06-01,2026-01-01,8,EM9,0.7089,2.4225,-1.7136
2025-06-01,2026-02-01,9,EM9,0.9428,1.5519,-0.6091
2025-06-01,2026-03-01,10,EM9,0.7875,2.3786,-1.5911
2025-06-01,2026-04-01,11,EM9,0.9216,4.7458,-3.8241
2025-06-01,2026-05-01,12,EM9,0.6616,5.4458,-4.7842
2025-07-01,2025-07-01,1,EM9,0.2264,0.6767,-0.4502
2025-07-01,2025-08-01,2,EM9,1.4904,1.5189,-0.0285
2025-07-01,2025-09-01,3,EM9,2.5053,2.1172,0.3882
2025-07-01,2025-10-01,4,EM9,2.8593,2.6719,0.1873
2025-07-01,2025-11-01,5,EM9,2.9958,2.3715,0.6242
2025-07-01,2025-12-01,6,EM9,2.1994,2.8837,-0.6843
2025-07-01,2026-01-01,7,EM9,1.7417,2.4225,-0.6808
2025-07-01,2026-02-01,8,EM9,1.6214,1.5519,0.0696
2025-07-01,2026-03-01,9,EM9,2.1282,2.3786,-0.2504
2025-07-01,2026-04-01,10,EM9,1.6878,4.7458,-3.058
2025-07-01,2026-05-01,11,EM9,1.6845,5.4458,-3.7613
2025-07-01,2026-06-01,12,EM9,1.4326,6.5165,-5.0839
2025-08-01,2025-08-01,1,EM9,2.9971,1.5189,1.4782
2025-08-01,2025-09-01,2,EM9,3.6015,2.1172,1.4843
2025-08-01,2025-10-01,3,EM9,4.4153,2.6719,1.7434
2025-08-01,2025-11-01,4,EM9,4.6032,2.3715,2.2317
2025-08-01,2025-12-01,5,EM9,3.8315,2.8837,0.9479
2025-08-01,2026-01-01,6,EM9,3.3338,2.4225,0.9113
2025-08-01,2026-02-01,7,EM9,3.5181,1.5519,1.9662
2025-08-01,2026-03-01,8,EM9,3.6549,2.3786,1.2763
2025-08-01,2026-04-01,9,EM9,3.8562,4.7458,-0.8896
2025-08-01,2026-05-01,10,EM9,3.5205,5.4458,-1.9253
2025-08-01,2026-06-01,11,EM9,3.5286,6.5165,-2.988
2025-08-01,2026-07-01,12,EM9,3.8342,7.2492,-3.4149
2025-09-01,2025-09-01,1,EM9,2.4231,2.1172,0.3059
2025-09-01,2025-10-01,2,EM9,3.0523,2.6719,0.3804
2025-09-01,2025-11-01,3,EM9,3.4264,2.3715,1.0548
2025-09-01,2025-12-01,4,EM9,2.5041,2.8837,-0.3796
2025-09-01,2026-01-01,5,EM9,1.697,2.4225,-0.7255
2025-09-01,2026-02-01,6,EM9,2.1437,1.5519,0.5918
2025-09-01,2026-03-01,7,EM9,2.2295,2.3786,-0.1492
2025-09-01,2026-04-01,8,EM9,2.0029,4.7458,-2.7428
2025-09-01,2026-05-01,9,EM9,2.1042,5.4458,-3.3416
2025-09-01,2026-06-01,10,EM9,1.6707,6.5165,-4.8459
2025-09-01,2026-07-01,11,EM9,2.204,7.2492,-5.0452
2025-09-01,2026-08-01,12,EM9,2.6189,8.0598,-5.441
2025-04-01,2025-04-01,1,EM10,-1.6328,-0.8165,-0.8162
2025-04-01,2025-05-01,2,EM10,-0.4725,0.5817,-1.0542
2025-04-01,2025-06-01,3,EM10,-1.1247,0.2883,-1.413
2025-04-01,2025-07-01,4,EM10,-0.6065,0.6767,-1.2832
2025-04-01,2025-08-01,5,EM10,0.7954,1.5189,-0.7235
2025-04-01,2025-09-01,6,EM10,1.3499,2.1172,-0.7673
2025-04-01,2025-10-01,7,EM10,1.8087,2.6719,-0.8632
2025-04-01,2025-11-01,8,EM10,1.7342,2.3715,-0.6373
2025-04-01,2025-12-01,9,EM10,0.6687,2.8837,-2.215
2025-04-01,2026-01-01,10,EM10,-0.421,2.4225,-2.8434
2025-04-01,2026-02-01,11,EM10,-0.4552,1.5519,-2.0071
2025-04-01,2026-03-01,12,EM10,-0.3321,2.3786,-2.7108
2025-05-01,2025-05-01,1,EM10,0.196,0.5817,-0.3856
2025-05-01,2025-06-01,2,EM10,-0.546,0.2883,-0.8344
2025-05-01,2025-07-01,3,EM10,0.0517,0.6767,-0.625
2025-05-01,2025-08-01,4,EM10,1.4238,1.5189,-0.0951
2025-05-01,2025-09-01,5,EM10,1.9547,2.1172,-0.1625
2025-05-01,2025-10-01,6,EM10,2.4901,2.6719,-0.1819
2025-05-01,2025-11-01,7,EM10,2.4148,2.3715,0.0433
2025-05-01,2025-12-01,8,EM10,1.3717,2.8837,-1.512
2025-05-01,2026-01-01,9,EM10,0.546,2.4225,-1.8765
2025-05-01,2026-02-01,10,EM10,0.6417,1.5519,-0.9102
2025-05-01,2026-03-01,11,EM10,0.725,2.3786,-1.6536
2025-05-01,2026-04-01,12,EM10,0.547,4.7458,-4.1988
2025-06-01,2025-06-01,1,EM10,-1.1945,0.2883,-1.4828
2025-06-01,2025-07-01,2,EM10,-0.5306,0.6767,-1.2073
2025-06-01,2025-08-01,3,EM10,0.8546,1.5189,-0.6643
2025-06-01,2025-09-01,4,EM10,1.3651,2.1172,-0.7521
2025-06-01,2025-10-01,5,EM10,1.9418,2.6719,-0.7301
2025-06-01,2025-11-01,6,EM10,2.0289,2.3715,-0.3427
2025-06-01,2025-12-01,7,EM10,1.2487,2.8837,-1.635
2025-06-01,2026-01-01,8,EM10,0.7287,2.4225,-1.6938
2025-06-01,2026-02-01,9,EM10,0.9611,1.5519,-0.5908
2025-06-01,2026-03-01,10,EM10,0.8092,2.3786,-1.5694
2025-06-01,2026-04-01,11,EM10,0.9412,4.7458,-3.8046
2025-06-01,2026-05-01,12,EM10,0.6825,5.4458,-4.7633
2025-07-01,2025-07-01,1,EM10,0.2814,0.6767,-0.3953
2025-07-01,2025-08-01,2,EM10,1.5365,1.5189,0.0176
2025-07-01,2025-09-01,3,EM10,2.5669,2.1172,0.4497
2025-07-01,2025-10-01,4,EM10,2.9079,2.6719,0.2359
2025-07-01,2025-11-01,5,EM10,3.0442,2.3715,0.6726
2025-07-01,2025-12-01,6,EM10,2.2454,2.8837,-0.6383
2025-07-01,2026-01-01,7,EM10,1.7909,2.4225,-0.6315
2025-07-01,2026-02-01,8,EM10,1.6419,1.5519,0.09
2025-07-01,2026-03-01,9,EM10,2.1591,2.3786,-0.2196
2025-07-01,2026-04-01,10,EM10,1.7072,4.7458,-3.0386
2025-07-01,2026-05-01,11,EM10,1.6878,5.4458,-3.758
2025-07-01,2026-06-01,12,EM10,1.4329,6.5165,-5.0837
2025-08-01,2025-08-01,1,EM10,3.18,1.5189,1.6611
2025-08-01,2025-09-01,2,EM10,3.792,2.1172,1.6748
2025-08-01,2025-10-01,3,EM10,4.6229,2.6719,1.9509
2025-08-01,2025-11-01,4,EM10,4.8211,2.3715,2.4496
2025-08-01,2025-12-01,5,EM10,4.0595,2.8837,1.1758
2025-08-01,2026-01-01,6,EM10,3.5891,2.4225,1.1666
2025-08-01,2026-02-01,7,EM10,3.775,1.5519,2.2231
2025-08-01,2026-03-01,8,EM10,3.9193,2.3786,1.5407
2025-08-01,2026-04-01,9,EM10,4.1322,4.7458,-0.6136
2025-08-01,2026-05-01,10,EM10,3.796,5.4458,-1.6497
2025-08-01,2026-06-01,11,EM10,3.8127,6.5165,-2.7038
2025-08-01,2026-07-01,12,EM10,4.1308,7.2492,-3.1184
2025-09-01,2025-09-01,1,EM10,2.3388,2.1172,0.2216
2025-09-01,2025-10-01,2,EM10,2.9639,2.6719,0.2919
2025-09-01,2025-11-01,3,EM10,3.3225,2.3715,0.951
2025-09-01,2025-12-01,4,EM10,2.4273,2.8837,-0.4563
2025-09-01,2026-01-01,5,EM10,1.6531,2.4225,-0.7694
2025-09-01,2026-02-01,6,EM10,2.0402,1.5519,0.4883
2025-09-01,2026-03-01,7,EM10,2.1085,2.3786,-0.2701
2025-09-01,2026-04-01,8,EM10,1.923,4.7458,-2.8228
2025-09-01,2026-05-01,9,EM10,2.0077,5.4458,-3.4381
2025-09-01,2026-06-01,10,EM10,1.6332,6.5165,-4.8833
2025-09-01,2026-07-01,11,EM10,2.1446,7.2492,-5.1045
2025-09-01,2026-08-01,12,EM10,2.5692,8.0598,-5.4906
2025-04-01,2025-04-01,1,EM11,-1.6328,-0.8165,-0.8162
2025-04-01,2025-05-01,2,EM11,-0.4725,0.5817,-1.0542
2025-04-01,2025-06-01,3,EM11,-1.1247,0.2883,-1.413
2025-04-01,2025-07-01,4,EM11,-0.6065,0.6767,-1.2832
2025-04-01,2025-08-01,5,EM11,0.7954,1.5189,-0.7235
2025-04-01,2025-09-01,6,EM11,1.3499,2.1172,-0.7673
2025-04-01,2025-10-01,7,EM11,1.8087,2.6719,-0.8632
2025-04-01,2025-11-01,8,EM11,1.7342,2.3715,-0.6373
2025-04-01,2025-12-01,9,EM11,0.6687,2.8837,-2.215
2025-04-01,2026-01-01,10,EM11,-0.421,2.4225,-2.8434
2025-04-01,2026-02-01,11,EM11,-0.4552,1.5519,-2.0071
2025-04-01,2026-03-01,12,EM11,-0.3321,2.3786,-2.7108
2025-05-01,2025-05-01,1,EM11,0.1982,0.5817,-0.3835
2025-05-01,2025-06-01,2,EM11,-0.5411,0.2883,-0.8295
2025-05-01,2025-07-01,3,EM11,0.0571,0.6767,-0.6196
2025-05-01,2025-08-01,4,EM11,1.4292,1.5189,-0.0896
2025-05-01,2025-09-01,5,EM11,1.9608,2.1172,-0.1564
2025-05-01,2025-10-01,6,EM11,2.4969,2.6719,-0.175
2025-05-01,2025-11-01,7,EM11,2.4234,2.3715,0.0518
2025-05-01,2025-12-01,8,EM11,1.3814,2.8837,-1.5023
2025-05-01,2026-01-01,9,EM11,0.5569,2.4225,-1.8656
2025-05-01,2026-02-01,10,EM11,0.6526,1.5519,-0.8993
2025-05-01,2026-03-01,11,EM11,0.7356,2.3786,-1.643
2025-05-01,2026-04-01,12,EM11,0.559,4.7458,-4.1868
2025-06-01,2025-06-01,1,EM11,-1.2149,0.2883,-1.5032
2025-06-01,2025-07-01,2,EM11,-0.5515,0.6767,-1.2281
2025-06-01,2025-08-01,3,EM11,0.8336,1.5189,-0.6852
2025-06-01,2025-09-01,4,EM11,1.3425,2.1172,-0.7747
2025-06-01,2025-10-01,5,EM11,1.9184,2.6719,-0.7535
2025-06-01,2025-11-01,6,EM11,2.0055,2.3715,-0.366
2025-06-01,2025-12-01,7,EM11,1.2266,2.8837,-1.6571
2025-06-01,2026-01-01,8,EM11,0.7089,2.4225,-1.7136
2025-06-01,2026-02-01,9,EM11,0.9428,1.5519,-0.6091
2025-06-01,2026-03-01,10,EM11,0.7875,2.3786,-1.5911
2025-06-01,2026-04-01,11,EM11,0.9216,4.7458,-3.8241
2025-06-01,2026-05-01,12,EM11,0.6616,5.4458,-4.7842
2025-07-01,2025-07-01,1,EM11,0.2363,0.6767,-0.4404
2025-07-01,2025-08-01,2,EM11,1.499,1.5189,-0.0199
2025-07-01,2025-09-01,3,EM11,2.5078,2.1172,0.3906
2025-07-01,2025-10-01,4,EM11,2.8582,2.6719,0.1862
2025-07-01,2025-11-01,5,EM11,2.9858,2.3715,0.6143
2025-07-01,2025-12-01,6,EM11,2.1802,2.8837,-0.7034
2025-07-01,2026-01-01,7,EM11,1.7126,2.4225,-0.7099
2025-07-01,2026-02-01,8,EM11,1.5886,1.5519,0.0367
2025-07-01,2026-03-01,9,EM11,2.0928,2.3786,-0.2858
2025-07-01,2026-04-01,10,EM11,1.6466,4.7458,-3.0991
2025-07-01,2026-05-01,11,EM11,1.6279,5.4458,-3.8179
2025-07-01,2026-06-01,12,EM11,1.3615,6.5165,-5.155
2025-08-01,2025-08-01,1,EM11,2.968,1.5189,1.4491
2025-08-01,2025-09-01,2,EM11,3.5703,2.1172,1.4531
2025-08-01,2025-10-01,3,EM11,4.3845,2.6719,1.7126
2025-08-01,2025-11-01,4,EM11,4.5681,2.3715,2.1965
2025-08-01,2025-12-01,5,EM11,3.7931,2.8837,0.9095
2025-08-01,2026-01-01,6,EM11,3.2894,2.4225,0.8669
2025-08-01,2026-02-01,7,EM11,3.4751,1.5519,1.9232
2025-08-01,2026-03-01,8,EM11,3.612,2.3786,1.2334
2025-08-01,2026-04-01,9,EM11,3.8152,4.7458,-0.9305
2025-08-01,2026-05-01,10,EM11,3.4701,5.4458,-1.9757
2025-08-01,2026-06-01,11,EM11,3.4757,6.5165,-3.0409
2025-08-01,2026-07-01,12,EM11,3.7773,7.2492,-3.4718
2025-09-01,2025-09-01,1,EM11,2.4336,2.1172,0.3165
2025-09-01,2025-10-01,2,EM11,3.0655,2.6719,0.3936
2025-09-01,2025-11-01,3,EM11,3.443,2.3715,1.0714
2025-09-01,2025-12-01,4,EM11,2.5333,2.8837,-0.3504
2025-09-01,2026-01-01,5,EM11,1.7347,2.4225,-0.6877
2025-09-01,2026-02-01,6,EM11,2.1797,1.5519,0.6278
2025-09-01,2026-03-01,7,EM11,2.2618,2.3786,-0.1168
2025-09-01,2026-04-01,8,EM11,2.0396,4.7458,-2.7061
2025-09-01,2026-05-01,9,EM11,2.143,5.4458,-3.3028
2025-09-01,2026-06-01,10,EM11,1.7282,6.5165,-4.7884
2025-09-01,2026-07-01,11,EM11,2.2589,7.2492,-4.9903
2025-09-01,2026-08-01,12,EM11,2.6794,8.0598,-5.3804
2025-04-01,2025-04-01,1,EM12,-1.0567,-0.8165,-0.2402
2025-04-01,2025-05-01,2,EM12,-0.0839,0.5817,-0.6656
2025-04-01,2025-06-01,3,EM12,-0.8042,0.2883,-1.0925
2025-04-01,2025-07-01,4,EM12,-0.1715,0.6767,-0.8481
2025-04-01,2025-08-01,5,EM12,1.2499,1.5189,-0.269
2025-04-01,2025-09-01,6,EM12,1.7955,2.1172,-0.3217
2025-04-01,2025-10-01,7,EM12,2.3554,2.6719,-0.3166
2025-04-01,2025-11-01,8,EM12,2.3381,2.3715,-0.0334
2025-04-01,2025-12-01,9,EM12,1.4065,2.8837,-1.4772
2025-04-01,2026-01-01,10,EM12,0.6203,2.4225,-1.8021
2025-04-01,2026-02-01,11,EM12,0.7784,1.5519,-0.7735
2025-04-01,2026-03-01,12,EM12,0.9415,2.3786,-1.4372
2025-05-01,2025-05-01,1,EM12,-0.2999,0.5817,-0.8816
2025-05-01,2025-06-01,2,EM12,-1.0787,0.2883,-1.367
2025-05-01,2025-07-01,3,EM12,-0.4697,0.6767,-1.1463
2025-05-01,2025-08-01,4,EM12,0.8065,1.5189,-0.7124
2025-05-01,2025-09-01,5,EM12,1.4891,2.1172,-0.628
2025-05-01,2025-10-01,6,EM12,2.0822,2.6719,-0.5898
2025-05-01,2025-11-01,7,EM12,2.2429,2.3715,-0.1286
2025-05-01,2025-12-01,8,EM12,1.3644,2.8837,-1.5193
2025-05-01,2026-01-01,9,EM12,0.7149,2.4225,-1.7076
2025-05-01,2026-02-01,10,EM12,1.0659,1.5519,-0.486
2025-05-01,2026-03-01,11,EM12,1.1493,2.3786,-1.2293
2025-05-01,2026-04-01,12,EM12,0.9455,4.7458,-3.8003
2025-06-01,2025-06-01,1,EM12,0.4208,0.2883,0.1325
2025-06-01,2025-07-01,2,EM12,1.0157,0.6767,0.3391
2025-06-01,2025-08-01,3,EM12,2.4386,1.5189,0.9197
2025-06-01,2025-09-01,4,EM12,2.8607,2.1172,0.7435
2025-06-01,2025-10-01,5,EM12,3.4693,2.6719,0.7974
2025-06-01,2025-11-01,6,EM12,3.4384,2.3715,1.0669
2025-06-01,2025-12-01,7,EM12,2.7181,2.8837,-0.1656
2025-06-01,2026-01-01,8,EM12,2.0468,2.4225,-0.3757
2025-06-01,2026-02-01,9,EM12,2.2721,1.5519,0.7202
2025-06-01,2026-03-01,10,EM12,2.4561,2.3786,0.0775
2025-06-01,2026-04-01,11,EM12,2.2888,4.7458,-2.457
2025-06-01,2026-05-01,12,EM12,1.9269,5.4458,-3.5189
2025-07-01,2025-07-01,1,EM12,1.0513,0.6767,0.3746
2025-07-01,2025-08-01,2,EM12,2.185,1.5189,0.6662
2025-07-01,2025-09-01,3,EM12,2.5924,2.1172,0.4752
2025-07-01,2025-10-01,4,EM12,3.0057,2.6719,0.3337
2025-07-01,2025-11-01,5,EM12,3.0307,2.3715,0.6592
2025-07-01,2025-12-01,6,EM12,2.2622,2.8837,-0.6215
2025-07-01,2026-01-01,7,EM12,1.6796,2.4225,-0.7429
2025-07-01,2026-02-01,8,EM12,1.7673,1.5519,0.2154
2025-07-01,2026-03-01,9,EM12,1.7988,2.3786,-0.5799
2025-07-01,2026-04-01,10,EM12,1.7955,4.7458,-2.9502
2025-07-01,2026-05-01,11,EM12,1.6055,5.4458,-3.8403
2025-07-01,2026-06-01,12,EM12,1.283,6.5165,-5.2335
2025-08-01,2025-08-01,1,EM12,3.0747,1.5189,1.5559
2025-08-01,2025-09-01,2,EM12,3.6328,2.1172,1.5156
2025-08-01,2025-10-01,3,EM12,4.378,2.6719,1.7061
2025-08-01,2025-11-01,4,EM12,4.7245,2.3715,2.353
2025-08-01,2025-12-01,5,EM12,4.246,2.8837,1.3623
2025-08-01,2026-01-01,6,EM12,4.1479,2.4225,1.7254
2025-08-01,2026-02-01,7,EM12,4.1994,1.5519,2.6475
2025-08-01,2026-03-01,8,EM12,4.243,2.3786,1.8644
2025-08-01,2026-04-01,9,EM12,4.2958,4.7458,-0.45
2025-08-01,2026-05-01,10,EM12,4.1045,5.4458,-1.3413
2025-08-01,2026-06-01,11,EM12,4.3501,6.5165,-2.1664
2025-08-01,2026-07-01,12,EM12,4.7774,7.2492,-2.4718
2025-09-01,2025-09-01,1,EM12,1.783,2.1172,-0.3341
2025-09-01,2025-10-01,2,EM12,2.2543,2.6719,-0.4176
2025-09-01,2025-11-01,3,EM12,2.2634,2.3715,-0.1082
2025-09-01,2025-12-01,4,EM12,1.777,2.8837,-1.1066
2025-09-01,2026-01-01,5,EM12,1.1174,2.4225,-1.3051
2025-09-01,2026-02-01,6,EM12,1.1133,1.5519,-0.4386
2025-09-01,2026-03-01,7,EM12,0.8179,2.3786,-1.5608
2025-09-01,2026-04-01,8,EM12,1.0752,4.7458,-3.6706
2025-09-01,2026-05-01,9,EM12,1.2105,5.4458,-4.2352
2025-09-01,2026-06-01,10,EM12,1.4132,6.5165,-5.1033
2025-09-01,2026-07-01,11,EM12,1.6016,7.2492,-5.6476
2025-09-01,2026-08-01,12,EM12,1.8981,8.0598,-6.1618
2025-04-01,2025-04-01,1,EM13,-1.2422,-0.8165,-0.4257
2025-04-01,2025-05-01,2,EM13,-0.0061,0.5817,-0.5878
2025-04-01,2025-06-01,3,EM13,-0.728,0.2883,-1.0163
2025-04-01,2025-07-01,4,EM13,-0.3442,0.6767,-1.0209
2025-04-01,2025-08-01,5,EM13,1.1775,1.5189,-0.3414
2025-04-01,2025-09-01,6,EM13,1.6489,2.1172,-0.4683
2025-04-01,2025-10-01,7,EM13,2.1473,2.6719,-0.5246
2025-04-01,2025-11-01,8,EM13,1.9929,2.3715,-0.3786
2025-04-01,2025-12-01,9,EM13,0.9862,2.8837,-1.8975
2025-04-01,2026-01-01,10,EM13,-0.1291,2.4225,-2.5516
2025-04-01,2026-02-01,11,EM13,-0.203,1.5519,-1.7549
2025-04-01,2026-03-01,12,EM13,-0.0975,2.3786,-2.4761
2025-05-01,2025-05-01,1,EM13,0.0837,0.5817,-0.498
2025-05-01,2025-06-01,2,EM13,-0.7513,0.2883,-1.0397
2025-05-01,2025-07-01,3,EM13,-0.1449,0.6767,-0.8215
2025-05-01,2025-08-01,4,EM13,1.1625,1.5189,-0.3563
2025-05-01,2025-09-01,5,EM13,1.8176,2.1172,-0.2996
2025-05-01,2025-10-01,6,EM13,2.4003,2.6719,-0.2717
2025-05-01,2025-11-01,7,EM13,2.5005,2.3715,0.129
2025-05-01,2025-12-01,8,EM13,1.5698,2.8837,-1.3139
2025-05-01,2026-01-01,9,EM13,0.9157,2.4225,-1.5068
2025-05-01,2026-02-01,10,EM13,1.3074,1.5519,-0.2445
2025-05-01,2026-03-01,11,EM13,1.3903,2.3786,-0.9884
2025-05-01,2026-04-01,12,EM13,1.1448,4.7458,-3.601
2025-06-01,2025-06-01,1,EM13,0.3702,0.2883,0.0819
2025-06-01,2025-07-01,2,EM13,1.0856,0.6767,0.409
2025-06-01,2025-08-01,3,EM13,2.4111,1.5189,0.8922
2025-06-01,2025-09-01,4,EM13,2.8602,2.1172,0.7431
2025-06-01,2025-10-01,5,EM13,3.4853,2.6719,0.8133
2025-06-01,2025-11-01,6,EM13,3.5191,2.3715,1.1476
2025-06-01,2025-12-01,7,EM13,2.7417,2.8837,-0.142
2025-06-01,2026-01-01,8,EM13,1.9059,2.4225,-0.5165
2025-06-01,2026-02-01,9,EM13,2.1713,1.5519,0.6194
2025-06-01,2026-03-01,10,EM13,2.4113,2.3786,0.0326
2025-06-01,2026-04-01,11,EM13,2.1598,4.7458,-2.586
2025-06-01,2026-05-01,12,EM13,1.7478,5.4458,-3.698
2025-07-01,2025-07-01,1,EM13,0.4985,0.6767,-0.1781
2025-07-01,2025-08-01,2,EM13,1.8442,1.5189,0.3254
2025-07-01,2025-09-01,3,EM13,2.2904,2.1172,0.1732
2025-07-01,2025-10-01,4,EM13,2.7304,2.6719,0.0585
2025-07-01,2025-11-01,5,EM13,2.7372,2.3715,0.3656
2025-07-01,2025-12-01,6,EM13,1.8984,2.8837,-0.9852
2025-07-01,2026-01-01,7,EM13,1.3462,2.4225,-1.0763
2025-07-01,2026-02-01,8,EM13,1.5039,1.5519,-0.0479
2025-07-01,2026-03-01,9,EM13,1.4277,2.3786,-0.951
2025-07-01,2026-04-01,10,EM13,1.1134,4.7458,-3.6324
2025-07-01,2026-05-01,11,EM13,0.8769,5.4458,-4.5688
2025-07-01,2026-06-01,12,EM13,0.424,6.5165,-6.0925
2025-08-01,2025-08-01,1,EM13,4.7316,1.5189,3.2127
2025-08-01,2025-09-01,2,EM13,5.3568,2.1172,3.2397
2025-08-01,2025-10-01,3,EM13,6.2818,2.6719,3.6099
2025-08-01,2025-11-01,4,EM13,6.4615,2.3715,4.0899
2025-08-01,2025-12-01,5,EM13,5.8047,2.8837,2.921
2025-08-01,2026-01-01,6,EM13,5.7536,2.4225,3.3311
2025-08-01,2026-02-01,7,EM13,5.9061,1.5519,4.3542
2025-08-01,2026-03-01,8,EM13,6.0494,2.3786,3.6707
2025-08-01,2026-04-01,9,EM13,6.1433,4.7458,1.3975
2025-08-01,2026-05-01,10,EM13,5.6167,5.4458,0.171
2025-08-01,2026-06-01,11,EM13,5.5646,6.5165,-0.9519
2025-08-01,2026-07-01,12,EM13,5.9649,7.2492,-1.2842
2025-09-01,2025-09-01,1,EM13,5.961,2.1172,3.8438
2025-09-01,2025-10-01,2,EM13,6.2844,2.6719,3.6124
2025-09-01,2025-11-01,3,EM13,6.8914,2.3715,4.5198
2025-09-01,2025-12-01,4,EM13,6.6361,2.8837,3.7524
2025-09-01,2026-01-01,5,EM13,6.7581,2.4225,4.3356
2025-09-01,2026-02-01,6,EM13,7.1651,1.5519,5.6132
2025-09-01,2026-03-01,7,EM13,6.5165,2.3786,4.1378
2025-09-01,2026-04-01,8,EM13,7.4169,4.7458,2.6711
2025-09-01,2026-05-01,9,EM13,7.4234,5.4458,1.9776
2025-09-01,2026-06-01,10,EM13,7.4338,6.5165,0.9172
2025-09-01,2026-07-01,11,EM13,7.9389,7.2492,0.6897
2025-09-01,2026-08-01,12,EM13,8.3887,8.0598,0.3288
