var,em,origin,MAE,RMSE,WAPE_pct,bias_pct,MAE_yoy,RMSE_yoy,bias_yoy,w80_pct,cov80,w60_pct,cov60,w20_pct,cov20,IS80,IS60,pinball_pct,level
CCPI,EM10,2025-04-01,3.67785,3.88566,1.8936,-1.8936,1.91123,2.01871,-1.91123,10.9129,1.0,7.40311,1.0,2.2254,0.16667,10.9129,7.40311,0.78865,194.225
CCPI,EM10,2025-05-01,4.11098,4.66349,2.1072,-2.1072,2.14071,2.4307,-2.14071,9.30055,1.0,6.21301,0.91667,1.87075,0.0,9.30055,6.62279,0.77288,195.09167
CCPI,EM10,2025-06-01,6.06936,6.86386,3.09701,-3.09701,3.16074,3.57337,-3.16074,7.23828,0.66667,4.1118,0.08333,1.12546,0.0,9.78035,9.55988,1.12212,195.975
CCPI,EM10,2025-07-01,4.5362,6.03648,2.30176,-2.30176,2.35529,3.12471,-2.35529,9.15929,0.91667,5.62685,0.75,1.61413,0.08333,9.27514,7.69558,0.8868,197.075
CCPI,EM10,2025-08-01,5.05298,6.664,2.54879,-2.54879,2.62003,3.44428,-2.62003,8.73046,0.83333,5.28136,0.66667,1.52561,0.16667,9.47506,8.73943,0.96279,198.25
CCPI,EM10,2025-09-01,4.92061,6.89463,2.46595,-2.44047,2.54701,3.56216,-2.52016,8.12667,0.75,4.99972,0.58333,1.44477,0.41667,10.41131,9.31543,0.98234,199.54167
CCPI,EM11,2025-04-01,3.67785,3.88566,1.8936,-1.8936,1.91123,2.01871,-1.91123,10.9129,1.0,7.40311,1.0,2.2254,0.16667,10.9129,7.40311,0.78865,194.225
CCPI,EM11,2025-05-01,4.10194,4.6573,2.10257,-2.10257,2.13603,2.42751,-2.13603,9.28416,1.0,6.1979,0.91667,1.86619,0.0,9.28416,6.61099,0.77057,195.09167
CCPI,EM11,2025-06-01,6.05952,6.85389,3.09199,-3.09199,3.15561,3.56817,-3.15561,7.23718,0.66667,4.11165,0.08333,1.12553,0.0,9.76353,9.53692,1.12003,195.975
CCPI,EM11,2025-07-01,4.5599,6.06721,2.31379,-2.31379,2.36757,3.14053,-2.36757,8.99706,0.91667,5.45957,0.75,1.55278,0.08333,9.20219,7.68067,0.8807,197.075
CCPI,EM11,2025-08-01,4.72403,6.46413,2.38286,-2.38286,2.44823,3.33976,-2.44823,8.63584,0.83333,5.17966,0.66667,1.48654,0.16667,9.27873,8.506,0.92348,198.25
CCPI,EM11,2025-09-01,4.95529,6.92772,2.48334,-2.4603,2.56501,3.5793,-2.54074,8.11201,0.75,4.98428,0.58333,1.43897,0.41667,10.47444,9.3671,0.98751,199.54167
CCPI,EM12,2025-04-01,2.07109,2.36879,1.06634,-1.06634,1.07567,1.22965,-1.07567,10.74686,1.0,6.96588,1.0,2.05908,0.5,10.74686,6.96588,0.59302,194.225
CCPI,EM12,2025-05-01,3.30167,4.01877,1.69237,-1.69237,1.71853,2.09472,-1.71853,9.75007,1.0,6.32969,0.91667,1.82997,0.16667,9.75007,6.55201,0.72798,195.09167
CCPI,EM12,2025-06-01,5.31477,6.39025,2.71196,-2.71196,2.76691,3.326,-2.76691,7.44712,0.75,4.52338,0.5,1.24295,0.0,8.94234,7.42573,0.95087,195.975
CCPI,EM12,2025-07-01,3.05657,4.72541,1.55097,-1.30937,1.58655,2.44536,-1.33591,10.89079,1.0,6.51473,0.91667,1.85247,0.75,10.89079,6.6886,0.71188,197.075
CCPI,EM12,2025-08-01,4.27882,6.21039,2.1583,-2.1583,2.21631,3.20806,-2.21631,14.21182,1.0,9.34034,0.91667,2.78758,0.58333,14.21182,9.61002,1.02677,198.25
CCPI,EM12,2025-09-01,3.32772,4.66117,1.66768,-1.34001,1.72315,2.40744,-1.3798,10.53666,1.0,6.81539,1.0,2.03935,0.58333,10.53666,6.81539,0.73214,199.54167
CCPI,EM13,2025-04-01,3.41774,3.67972,1.75968,-1.75968,1.77631,1.91218,-1.77631,10.6712,1.0,7.26259,1.0,2.14304,0.25,10.6712,7.26259,0.74938,194.225
CCPI,EM13,2025-05-01,3.83763,4.43382,1.96709,-1.96709,1.99738,2.31004,-1.99738,10.32705,1.0,6.683,0.91667,1.92675,0.16667,10.32705,6.87445,0.81696,195.09167
CCPI,EM13,2025-06-01,5.58554,6.63774,2.85013,-2.85013,2.90801,3.45494,-2.90801,7.30785,0.66667,4.38405,0.41667,1.18948,0.0,9.42105,7.79918,1.00633,195.975
CCPI,EM13,2025-07-01,2.91105,4.54346,1.47713,-1.2563,1.51059,2.35079,-1.28131,10.31041,1.0,6.31394,0.91667,1.82389,0.75,10.31041,6.51192,0.68988,197.075
CCPI,EM13,2025-08-01,4.80653,6.49238,2.42448,-2.42448,2.49184,3.35504,-2.49184,13.50983,1.0,8.86113,0.83333,2.65674,0.33333,13.50983,9.38518,1.05901,198.25
CCPI,EM13,2025-09-01,2.23097,2.86379,1.11805,-0.23686,1.15766,1.48069,-0.2368,12.21547,1.0,7.92531,1.0,2.37247,0.5,12.21547,7.92531,0.67591,199.54167
CCPI,EM14,2025-04-01,4.19935,4.37449,2.1621,-2.1621,2.18125,2.2713,-2.18125,11.93646,1.0,8.17696,1.0,2.42387,0.16667,11.93646,8.17696,0.89899,194.225
CCPI,EM14,2025-05-01,4.09758,4.69992,2.10033,-2.10033,2.13218,2.44791,-2.13218,10.38887,1.0,6.75035,0.75,1.91621,0.08333,10.38887,7.187,0.87479,195.09167
CCPI,EM14,2025-06-01,5.7966,6.80344,2.95783,-2.95783,3.01786,3.5412,-3.01786,8.10756,0.75,5.09437,0.5,1.42175,0.0,9.26411,7.72309,1.03113,195.975
CCPI,EM14,2025-07-01,3.44166,5.11783,1.74637,-1.73747,1.78557,2.64952,-1.7763,14.18009,1.0,9.47134,1.0,2.88408,0.25,14.18009,9.47134,0.97849,197.075
CCPI,EM14,2025-08-01,6.75069,8.14672,3.40514,-3.40514,3.50492,4.21544,-3.50492,16.79216,1.0,11.66027,1.0,3.71851,0.25,16.79216,11.66027,1.44871,198.25
CCPI,EM14,2025-09-01,2.55632,3.57407,1.2811,-0.96122,1.32313,1.84419,-0.98863,10.85898,1.0,7.01079,1.0,2.09686,0.66667,10.85898,7.01079,0.65568,199.54167
CCPI,EM15,2025-04-01,2.975,3.24769,1.53173,-0.93105,1.55011,1.69346,-0.95187,30.72048,1.0,20.17477,1.0,6.07306,1.0,30.72048,20.17477,1.5637,194.225
CCPI,EM15,2025-05-01,3.50833,4.26937,1.7983,-1.54201,1.83262,2.23235,-1.57591,30.5845,1.0,20.08547,1.0,6.04618,0.91667,30.5845,20.08547,1.58305,195.09167
CCPI,EM15,2025-06-01,4.28333,5.23927,2.18565,-2.04108,2.23497,2.73221,-2.08988,30.44656,1.0,19.99488,1.0,6.01891,0.83333,30.44656,19.99488,1.62103,195.975
CCPI,EM15,2025-07-01,5.29167,6.47064,2.6851,-2.63436,2.75366,3.35809,-2.7023,30.27536,1.0,19.88245,1.0,5.98507,0.75,30.27536,19.88245,1.67559,197.075
CCPI,EM15,2025-08-01,6.41667,7.64243,3.23665,-3.23665,3.33334,3.95808,-3.33334,30.09474,1.0,19.76383,1.0,5.94936,0.66667,30.09474,19.76383,1.7429,198.25
CCPI,EM15,2025-09-01,7.525,8.83313,3.77114,-3.77114,3.90562,4.5732,-3.90562,29.89911,1.0,19.63536,1.0,5.91069,0.58333,29.89911,19.63536,1.81859,199.54167
CCPI,EM16,2025-04-01,1.63336,2.12082,0.84096,-0.16682,0.84905,1.1029,-0.16992,10.039,0.91667,6.75783,0.91667,1.90135,0.75,10.09851,6.92219,0.58921,194.225
CCPI,EM16,2025-05-01,3.50833,4.26937,1.7983,-1.54201,1.83262,2.23235,-1.57591,30.5845,1.0,20.08547,1.0,6.04618,0.91667,30.5845,20.08547,1.58305,195.09167
CCPI,EM16,2025-06-01,2.69659,3.80385,1.37599,-0.96204,1.40274,1.97949,-0.98684,27.34003,1.0,17.76891,1.0,5.33327,0.83333,27.34003,17.76891,1.40232,195.975
CCPI,EM16,2025-07-01,5.29167,6.47064,2.6851,-2.63436,2.75366,3.35809,-2.7023,30.27536,1.0,19.88245,1.0,5.98507,0.75,30.27536,19.88245,1.67559,197.075
CCPI,EM16,2025-08-01,6.41667,7.64243,3.23665,-3.23665,3.33334,3.95808,-3.33334,30.09474,1.0,19.76383,1.0,5.94936,0.66667,30.09474,19.76383,1.7429,198.25
CCPI,EM16,2025-09-01,5.08265,6.8188,2.54716,-2.54716,2.632,3.52339,-2.632,8.99904,0.91667,5.46532,0.58333,1.56052,0.25,9.21518,8.61945,0.95526,199.54167
CCPI,EM17,2025-04-01,11.54104,12.94194,5.9421,1.80117,5.99957,6.72219,1.86688,34.98491,1.0,20.9926,0.83333,5.95301,0.16667,34.98491,22.03462,2.39167,194.225
CCPI,EM17,2025-05-01,7.10784,7.66617,3.64333,-3.64333,3.70397,3.99819,-3.70397,6.24846,0.08333,3.53555,0.0,0.97392,0.0,14.46229,13.38133,1.42302,195.09167
CCPI,EM17,2025-06-01,5.29366,5.5243,2.70119,1.95139,2.7573,2.87769,1.99414,13.99446,1.0,8.53876,0.83333,2.50354,0.08333,13.99446,8.68909,1.00126,195.975
CCPI,EM17,2025-07-01,52.97298,53.68224,26.87961,26.87961,27.61048,27.98032,27.61048,23.31973,0.0,14.6757,0.0,4.73953,0.0,180.96948,112.42822,11.81344,197.075
CCPI,EM17,2025-08-01,6.84728,8.56916,3.45386,-3.45386,3.5524,4.43105,-3.5524,7.34993,0.66667,4.00346,0.25,1.05697,0.0,13.49559,11.72609,1.31309,198.25
CCPI,EM17,2025-09-01,4.38748,5.12382,2.19878,-0.53382,2.27901,2.65385,-0.53815,15.265,1.0,10.02484,0.91667,3.0177,0.41667,15.265,10.11982,0.96571,199.54167
CCPI,EM18,2025-04-01,5.27786,5.59877,2.71739,-2.71739,2.74648,2.91451,-2.74648,6.66358,0.75,3.74813,0.08333,1.0271,0.0,7.95619,8.45841,0.98113,194.225
CCPI,EM18,2025-05-01,61.0835,61.29193,31.31015,-31.31015,31.79568,31.89892,-31.79568,53.72987,0.33333,47.4997,0.0,15.32871,0.0,63.04174,66.08071,11.01046,195.09167
CCPI,EM18,2025-06-01,9.69584,10.1996,4.94749,4.94749,5.04653,5.30306,5.04653,27.74714,0.91667,18.22212,0.83333,5.48527,0.16667,28.49203,20.28205,2.05242,195.975
CCPI,EM18,2025-07-01,8.70139,9.43141,4.41527,4.41527,4.53985,4.92005,4.53985,29.35155,0.91667,19.27577,0.83333,5.80244,0.25,29.65549,20.46784,2.00347,197.075
CCPI,EM18,2025-08-01,7.36009,8.32466,3.71253,3.71253,3.84794,4.35382,3.84794,31.6104,1.0,20.7592,0.91667,6.24899,0.33333,31.6104,21.04849,1.95003,198.25
CCPI,EM18,2025-09-01,6.16804,6.7408,3.0911,0.51451,3.21154,3.50853,0.55674,16.97312,0.91667,11.14659,0.75,3.35538,0.16667,17.32564,12.11909,1.25313,199.54167
CCPI,EM2,2025-04-01,6.69971,6.87054,3.44946,-3.44946,3.48273,3.57168,-3.48273,12.45968,1.0,8.75017,1.0,2.63153,0.08333,12.45968,8.75017,1.08522,194.225
CCPI,EM2,2025-05-01,5.63747,6.19125,2.88965,-2.88965,2.93359,3.22345,-2.93359,11.03492,1.0,7.26644,0.83333,2.05511,0.16667,11.03492,7.6758,0.93957,195.09167
CCPI,EM2,2025-06-01,6.24457,6.8732,3.18641,-3.18641,3.25115,3.57713,-3.25115,10.48612,0.91667,6.73341,0.66667,1.9744,0.0,10.57396,8.04004,1.02017,195.975
CCPI,EM2,2025-07-01,7.02919,8.11168,3.56676,-3.56676,3.65581,4.20816,-3.65581,15.52574,1.0,10.67154,1.0,3.29965,0.25,15.52574,10.67154,1.25846,197.075
CCPI,EM2,2025-08-01,6.41518,7.86437,3.23591,-3.23591,3.33066,4.06834,-3.33066,16.71519,1.0,11.65486,1.0,3.73559,0.25,16.71519,11.65486,1.26358,198.25
CCPI,EM2,2025-09-01,3.71519,5.35073,1.86186,-1.81954,1.92232,2.76358,-1.87773,10.15242,1.0,6.51065,0.75,1.93531,0.41667,10.15242,7.08176,0.78607,199.54167
CCPI,EM3,2025-04-01,4.07965,4.26504,2.10047,-2.10047,2.11918,2.21469,-2.11918,12.00659,1.0,8.21466,1.0,2.43454,0.25,12.00659,8.21466,0.88629,194.225
CCPI,EM3,2025-05-01,4.15627,4.74809,2.13042,-2.13042,2.16271,2.47291,-2.16271,10.54049,1.0,6.86001,0.75,1.94879,0.16667,10.54049,7.26287,0.88862,195.09167
CCPI,EM3,2025-06-01,5.86519,6.85733,2.99283,-2.99283,3.05359,3.56928,-3.05359,8.28738,0.75,5.24853,0.5,1.47265,0.0,9.28127,7.7492,1.04174,195.975
CCPI,EM3,2025-07-01,4.07818,5.57719,2.06935,-2.06935,2.11724,2.88849,-2.11724,14.68079,1.0,9.8823,1.0,3.02228,0.25,14.68079,9.8823,1.06515,197.075
CCPI,EM3,2025-08-01,7.26271,8.57306,3.66341,-3.66341,3.77196,4.43773,-3.77196,17.71666,1.0,12.44115,1.0,4.00336,0.25,17.71666,12.44115,1.55562,198.25
CCPI,EM3,2025-09-01,3.5429,4.86848,1.77552,-1.76457,1.83402,2.51496,-1.82248,9.29845,1.0,5.87097,0.75,1.73227,0.41667,9.29845,6.44123,0.73123,199.54167
CCPI,EM4,2025-04-01,6.69971,6.87054,3.44946,-3.44946,3.48273,3.57168,-3.48273,12.45968,1.0,8.75017,1.0,2.63153,0.08333,12.45968,8.75017,1.08522,194.225
CCPI,EM4,2025-05-01,5.59794,6.1495,2.86939,-2.86939,2.91304,3.20174,-2.91304,11.05181,1.0,7.27208,0.83333,2.0583,0.16667,11.05181,7.6539,0.93504,195.09167
CCPI,EM4,2025-06-01,6.23391,6.86043,3.18097,-3.18097,3.24558,3.57046,-3.24558,10.52855,0.91667,6.76864,0.66667,1.98597,0.0,10.60742,8.02912,1.01817,195.975
CCPI,EM4,2025-07-01,7.11474,8.15822,3.61017,-3.61017,3.70044,4.23249,-3.70044,15.5696,1.0,10.72706,1.0,3.31933,0.25,15.5696,10.72706,1.26535,197.075
CCPI,EM4,2025-08-01,4.28877,6.03356,2.16331,-2.0903,2.22255,3.11585,-2.14724,15.84156,1.0,11.09002,1.0,3.56874,0.41667,15.84156,11.09002,1.0662,198.25
CCPI,EM4,2025-09-01,3.08719,4.28023,1.54714,-1.40223,1.59772,2.21038,-1.44687,10.95329,1.0,7.06387,1.0,2.10831,0.41667,10.95329,7.06387,0.71076,199.54167
CCPI,EM5,2025-04-01,6.69971,6.87054,3.44946,-3.44946,3.48273,3.57168,-3.48273,12.45968,1.0,8.75017,1.0,2.63153,0.08333,12.45968,8.75017,1.08522,194.225
CCPI,EM5,2025-05-01,5.60705,6.1541,2.87406,-2.87406,2.91781,3.20416,-2.91781,11.04654,1.0,7.27595,0.83333,2.06255,0.16667,11.04654,7.65107,0.93565,195.09167
CCPI,EM5,2025-06-01,6.29182,6.92124,3.21052,-3.21052,3.27571,3.60208,-3.27571,10.58005,0.91667,6.80811,0.66667,1.99813,0.0,10.66522,8.0786,1.02587,195.975
CCPI,EM5,2025-07-01,6.7639,7.85844,3.43214,-3.43214,3.51684,4.07516,-3.51684,15.73736,1.0,10.7562,1.0,3.31203,0.25,15.73736,10.7562,1.23769,197.075
CCPI,EM5,2025-08-01,5.44959,6.87639,2.74885,-2.74885,2.8284,3.5565,-2.8284,16.88612,1.0,11.52707,1.0,3.62244,0.33333,16.88612,11.52707,1.16836,198.25
CCPI,EM5,2025-09-01,4.15254,5.79226,2.08104,-2.07031,2.14911,2.99221,-2.13781,11.29524,1.0,7.21684,0.75,2.13763,0.41667,11.29524,7.69759,0.86443,199.54167
CCPI,EM6,2025-04-01,6.69971,6.87054,3.44946,-3.44946,3.48273,3.57168,-3.48273,12.45968,1.0,8.75017,1.0,2.63153,0.08333,12.45968,8.75017,1.08522,194.225
CCPI,EM6,2025-05-01,5.59794,6.1495,2.86939,-2.86939,2.91304,3.20174,-2.91304,11.05181,1.0,7.27208,0.83333,2.0583,0.16667,11.05181,7.6539,0.93504,195.09167
CCPI,EM6,2025-06-01,6.36353,6.98755,3.24711,-3.24711,3.31315,3.63675,-3.31315,10.52786,0.91667,6.77384,0.66667,1.98782,0.0,10.61185,8.11749,1.03498,195.975
CCPI,EM6,2025-07-01,7.00377,8.06644,3.55386,-3.55386,3.64272,4.18489,-3.64272,15.82679,1.0,10.96974,1.0,3.40768,0.25,15.82679,10.96974,1.27111,197.075
CCPI,EM6,2025-08-01,7.2376,8.55403,3.65075,-3.65075,3.75924,4.42811,-3.75924,16.66934,1.0,11.36076,1.0,3.57573,0.25,16.66934,11.36076,1.31542,198.25
CCPI,EM6,2025-09-01,3.71519,5.35073,1.86186,-1.81954,1.92232,2.76358,-1.87773,10.15242,1.0,6.51065,0.75,1.93531,0.41667,10.15242,7.08176,0.78607,199.54167
CCPI,EM7,2025-04-01,4.07965,4.26504,2.10047,-2.10047,2.11918,2.21469,-2.11918,12.00659,1.0,8.21466,1.0,2.43454,0.25,12.00659,8.21466,0.88629,194.225
CCPI,EM7,2025-05-01,4.45136,5.00785,2.28167,-2.28167,2.31641,2.60807,-2.31641,10.71663,1.0,7.04091,0.75,2.01479,0.08333,10.71663,7.49089,0.93175,195.09167
CCPI,EM7,2025-06-01,5.87594,6.86581,2.99831,-2.99831,3.05919,3.57369,-3.05919,8.31555,0.75,5.27268,0.5,1.48062,0.0,9.28396,7.7533,1.0434,195.975
CCPI,EM7,2025-07-01,4.08723,5.55801,2.07395,-2.07395,2.12194,2.8785,-2.12194,14.43334,1.0,9.74511,1.0,2.98543,0.25,14.43334,9.74511,1.06044,197.075
CCPI,EM7,2025-08-01,7.20874,8.52663,3.63619,-3.63619,3.74383,4.41353,-3.74383,17.61163,1.0,12.36424,1.0,3.975,0.25,17.61163,12.36424,1.54582,198.25
CCPI,EM7,2025-09-01,3.52982,4.86032,1.76896,-1.75689,1.8272,2.51068,-1.81448,9.32901,1.0,5.89093,0.75,1.73803,0.41667,9.32901,6.4378,0.73006,199.54167
CCPI,EM8,2025-04-01,6.62847,6.80071,3.41278,-3.41278,3.44563,3.53528,-3.44563,12.36196,1.0,8.67908,1.0,2.60514,0.08333,12.36196,8.67908,1.07564,194.225
CCPI,EM8,2025-05-01,5.63747,6.19125,2.88965,-2.88965,2.93359,3.22345,-2.93359,11.03492,1.0,7.26644,0.83333,2.05511,0.16667,11.03492,7.6758,0.93957,195.09167
CCPI,EM8,2025-06-01,6.23391,6.86043,3.18097,-3.18097,3.24558,3.57046,-3.24558,10.52855,0.91667,6.76864,0.66667,1.98597,0.0,10.60742,8.02912,1.01817,195.975
CCPI,EM8,2025-07-01,7.02919,8.11168,3.56676,-3.56676,3.65581,4.20816,-3.65581,15.52574,1.0,10.67154,1.0,3.29965,0.25,15.52574,10.67154,1.25846,197.075
CCPI,EM8,2025-08-01,6.58757,8.02302,3.32286,-3.32286,3.42027,4.15076,-3.42027,16.16237,1.0,11.12871,1.0,3.53593,0.25,16.16237,11.12871,1.25254,198.25
CCPI,EM8,2025-09-01,3.71519,5.35073,1.86186,-1.81954,1.92232,2.76358,-1.87773,10.15242,1.0,6.51065,0.75,1.93531,0.41667,10.15242,7.08176,0.78607,199.54167
CCPI,EM9,2025-04-01,3.67785,3.88566,1.8936,-1.8936,1.91123,2.01871,-1.91123,10.9129,1.0,7.40311,1.0,2.2254,0.16667,10.9129,7.40311,0.78865,194.225
CCPI,EM9,2025-05-01,4.10636,4.66033,2.10484,-2.10484,2.13832,2.42907,-2.13832,9.29218,1.0,6.2053,0.91667,1.86842,0.0,9.29218,6.61676,0.7717,195.09167
CCPI,EM9,2025-06-01,6.05952,6.85389,3.09199,-3.09199,3.15561,3.56817,-3.15561,7.23718,0.66667,4.11165,0.08333,1.12553,0.0,9.76353,9.53692,1.12003,195.975
CCPI,EM9,2025-07-01,4.63037,6.13201,2.34955,-2.34955,2.40428,3.17426,-2.40428,9.14026,0.91667,5.58819,0.75,1.59751,0.08333,9.31778,7.76841,0.89688,197.075
CCPI,EM9,2025-08-01,5.01549,6.6105,2.52988,-2.52988,2.60063,3.41669,-2.60063,8.74052,0.83333,5.29242,0.66667,1.53021,0.16667,9.39303,8.67604,0.95622,198.25
CCPI,EM9,2025-09-01,4.95529,6.92772,2.48334,-2.4603,2.56501,3.5793,-2.54074,8.11201,0.75,4.98428,0.58333,1.43897,0.41667,10.47444,9.3671,0.98751,199.54167
FCPI,EM10,2025-04-01,2.67516,2.89644,1.11799,-0.14616,1.15691,1.2539,-0.14574,11.96115,1.0,8.18431,1.0,2.54096,0.58333,11.96115,8.18431,0.70694,239.28333
FCPI,EM10,2025-05-01,3.14162,3.57606,1.31174,0.97914,1.35753,1.5495,1.01334,10.78863,1.0,7.08675,1.0,2.13876,0.33333,10.78863,7.08675,0.63808,239.5
FCPI,EM10,2025-06-01,5.79072,6.19256,2.41473,2.41473,2.48479,2.66139,2.48479,10.45274,1.0,6.79669,0.91667,2.04557,0.08333,10.45274,6.9488,0.84289,239.80833
FCPI,EM10,2025-07-01,5.14607,5.65356,2.13996,2.13996,2.20501,2.42559,2.20501,10.62563,1.0,7.06178,0.91667,2.17857,0.25,10.62563,7.11411,0.79274,240.475
FCPI,EM10,2025-08-01,1.97553,2.58244,0.8182,-0.17147,0.83788,1.0938,-0.15814,10.08067,1.0,6.05594,1.0,1.71211,0.66667,10.08067,6.05594,0.51906,241.45
FCPI,EM10,2025-09-01,2.66582,3.29854,1.09818,-0.6072,1.12601,1.38904,-0.61351,10.28204,1.0,6.66518,1.0,1.9986,0.5,10.28204,6.66518,0.59166,242.75
FCPI,EM11,2025-04-01,2.67516,2.89644,1.11799,-0.14616,1.15691,1.2539,-0.14574,11.96115,1.0,8.18431,1.0,2.54096,0.58333,11.96115,8.18431,0.70694,239.28333
FCPI,EM11,2025-05-01,3.13057,3.5031,1.30713,0.90955,1.35248,1.51767,0.94171,10.79604,1.0,7.09133,1.0,2.13941,0.33333,10.79604,7.09133,0.63637,239.5
FCPI,EM11,2025-06-01,5.6067,6.00196,2.33799,2.33799,2.40676,2.58136,2.40676,10.44986,1.0,6.79121,0.91667,2.04437,0.08333,10.44986,6.91968,0.82303,239.80833
FCPI,EM11,2025-07-01,4.93501,5.47237,2.05219,2.05219,2.11512,2.34819,2.11512,10.81209,1.0,7.17956,0.91667,2.21944,0.25,10.81209,7.18653,0.77658,240.475
FCPI,EM11,2025-08-01,1.86353,2.42507,0.77181,-0.103,0.79137,1.02992,-0.08889,10.02222,1.0,6.0528,1.0,1.71957,0.75,10.02222,6.0528,0.51176,241.45
FCPI,EM11,2025-09-01,2.83025,3.56226,1.16591,-0.71451,1.19526,1.4996,-0.72232,10.0341,1.0,6.52216,1.0,1.9596,0.5,10.0341,6.52216,0.59531,242.75
FCPI,EM12,2025-04-01,8.26501,10.18684,3.45407,2.88718,3.55103,4.35789,2.96187,19.0439,1.0,12.23517,0.83333,3.50767,0.16667,19.0439,12.56131,1.3731,239.28333
FCPI,EM12,2025-05-01,6.31659,6.86664,2.63741,2.60001,2.71613,2.95551,2.67672,13.58976,1.0,8.75506,1.0,2.523,0.08333,13.58976,8.75506,0.94748,239.5
FCPI,EM12,2025-06-01,7.69576,8.28966,3.20913,3.20913,3.28821,3.53607,3.28821,11.48326,1.0,7.3155,0.75,2.21401,0.0,11.48326,7.72617,1.04926,239.80833
FCPI,EM12,2025-07-01,3.37674,3.84827,1.4042,1.29397,1.45239,1.6629,1.34309,13.09997,1.0,7.96573,1.0,2.29509,0.41667,13.09997,7.96573,0.73049,240.475
FCPI,EM12,2025-08-01,5.42154,7.1275,2.24541,-1.98761,2.27569,2.9752,-2.00307,9.22177,1.0,5.63958,0.66667,1.53467,0.25,9.22177,6.85239,0.85211,241.45
FCPI,EM12,2025-09-01,2.57721,3.33232,1.06167,-0.68261,1.08867,1.40456,-0.69169,15.41898,1.0,10.15656,1.0,3.05766,0.58333,15.41898,10.15656,0.82057,242.75
FCPI,EM13,2025-04-01,11.2309,13.95546,4.69356,4.03658,4.82188,5.96446,4.13891,21.61116,1.0,14.018,0.75,4.02786,0.16667,21.61116,16.26041,1.80954,239.28333
FCPI,EM13,2025-05-01,2.8541,3.29004,1.19169,0.90159,1.23354,1.42518,0.93063,14.78071,1.0,9.09249,1.0,2.63134,0.5,14.78071,9.09249,0.75781,239.5
FCPI,EM13,2025-06-01,8.9054,10.10109,3.71355,3.71355,3.79744,4.2962,3.79744,11.01993,0.91667,6.97698,0.58333,2.14357,0.0,11.16897,10.25422,1.25902,239.80833
FCPI,EM13,2025-07-01,2.78409,3.29021,1.15775,1.13307,1.19851,1.4219,1.17404,12.98901,1.0,8.03224,1.0,2.34406,0.41667,12.98901,8.03224,0.69142,240.475
FCPI,EM13,2025-08-01,5.15977,6.66063,2.13699,-1.7567,2.16888,2.78147,-1.76662,10.13166,1.0,6.007,0.66667,1.70671,0.25,10.13166,6.61831,0.8257,241.45
FCPI,EM13,2025-09-01,1.65916,2.12263,0.68349,-0.1584,0.70653,0.90577,-0.15469,13.83772,1.0,9.12487,1.0,2.76072,0.75,13.83772,9.12487,0.7179,242.75
FCPI,EM14,2025-04-01,13.29871,16.75516,5.55772,4.97915,5.70747,7.15865,5.10575,24.31379,1.0,15.84011,0.58333,4.55136,0.16667,24.31379,19.6562,2.15251,239.28333
FCPI,EM14,2025-05-01,3.34418,3.82123,1.39632,0.74898,1.44101,1.64417,0.7705,17.14215,1.0,10.65597,1.0,3.07485,0.41667,17.14215,10.65597,0.8906,239.5
FCPI,EM14,2025-06-01,9.7607,10.36741,4.07021,4.07021,4.17192,4.42244,4.17192,11.93267,1.0,7.36827,0.41667,2.19919,0.0,11.93267,9.45288,1.34289,239.80833
FCPI,EM14,2025-07-01,3.14024,3.82198,1.30585,1.17788,1.34599,1.63968,1.21909,15.72932,1.0,9.76074,1.0,2.90295,0.58333,15.72932,9.76074,0.8148,240.475
FCPI,EM14,2025-08-01,4.71434,6.20292,1.95251,-1.79403,1.9792,2.59049,-1.81158,11.30502,1.0,6.7575,1.0,2.07058,0.33333,11.30502,6.7575,0.82777,241.45
FCPI,EM14,2025-09-01,3.30283,4.23242,1.36059,0.91617,1.39318,1.7783,0.92984,19.46962,1.0,12.42944,1.0,3.69778,0.75,19.46962,12.42944,1.01783,242.75
FCPI,EM15,2025-04-01,7.525,8.14489,3.14481,-3.14481,3.26062,3.53692,-3.26062,34.81749,1.0,22.86536,1.0,6.88299,0.41667,34.81749,22.86536,1.89608,239.28333
FCPI,EM15,2025-05-01,7.18333,7.94743,2.9993,-2.9993,3.11014,3.45094,-3.11014,34.79219,1.0,22.84875,1.0,6.87799,0.41667,34.79219,22.84875,1.8867,239.5
FCPI,EM15,2025-06-01,6.38333,7.04,2.66185,-2.66185,2.75068,3.04186,-2.75068,34.77269,1.0,22.83594,1.0,6.87414,0.5,34.77269,22.83594,1.84621,239.80833
FCPI,EM15,2025-07-01,6.24167,6.8596,2.59556,-2.59556,2.67837,2.9518,-2.67837,34.69096,1.0,22.78227,1.0,6.85798,0.58333,34.69096,22.78227,1.83179,240.475
FCPI,EM15,2025-08-01,6.78333,7.49722,2.80942,-2.80942,2.9008,3.20863,-2.9008,34.55506,1.0,22.69302,1.0,6.83111,0.41667,34.55506,22.69302,1.83878,241.45
FCPI,EM15,2025-09-01,7.53333,8.53571,3.10333,-3.10333,3.2115,3.63858,-3.2115,34.37405,1.0,22.57414,1.0,6.79533,0.33333,34.37405,22.57414,1.87536,242.75
FCPI,EM16,2025-04-01,3.1,4.23458,1.29554,-1.28857,1.32744,1.81022,-1.32013,11.91752,1.0,7.82648,1.0,2.35595,0.5,11.91752,7.82648,0.73026,239.28333
FCPI,EM16,2025-05-01,2.66667,3.3449,1.11343,-0.70981,1.14431,1.42986,-0.72071,11.87192,1.0,7.79653,1.0,2.34693,0.66667,11.87192,7.79653,0.68249,239.5
FCPI,EM16,2025-06-01,8.55813,9.30243,3.56874,3.56874,3.6645,3.9799,3.6645,15.12758,1.0,9.93548,1.0,2.99453,0.08333,15.12758,9.93548,1.24511,239.80833
FCPI,EM16,2025-07-01,3.45738,4.26929,1.43773,-0.10339,1.4702,1.79753,-0.07401,14.49095,1.0,7.93365,1.0,2.10504,0.41667,14.49095,7.93365,0.74352,240.475
FCPI,EM16,2025-08-01,1.57848,1.9337,0.65375,-0.26551,0.66946,0.82242,-0.26019,14.49178,1.0,7.6383,1.0,2.66988,0.83333,14.49178,7.6383,0.63363,241.45
FCPI,EM16,2025-09-01,15.76142,20.82712,6.49286,5.87492,6.61928,8.72707,5.96305,23.35649,0.83333,14.8302,0.58333,4.36878,0.41667,25.88096,22.72436,2.49903,242.75
FCPI,EM17,2025-04-01,5.59948,6.53159,2.3401,1.87596,2.41168,2.80363,1.92819,19.86838,1.0,13.04878,1.0,3.93097,0.5,19.86838,13.04878,1.15688,239.28333
FCPI,EM17,2025-05-01,6.91769,7.64489,2.88839,2.54403,2.97412,3.28153,2.61473,25.82936,1.0,18.01033,1.0,5.72693,0.41667,25.82936,18.01033,1.50559,239.5
FCPI,EM17,2025-06-01,4.43111,5.13458,1.84777,1.84021,1.89128,2.1925,1.88339,13.39877,1.0,8.53438,1.0,2.53941,0.33333,13.39877,8.53438,0.81101,239.80833
FCPI,EM17,2025-07-01,3.41989,4.02062,1.42214,1.1237,1.46979,1.73381,1.17384,12.66619,1.0,7.13173,1.0,1.93845,0.33333,12.66619,7.13173,0.70965,240.475
FCPI,EM17,2025-08-01,8.08823,9.53564,3.34986,-3.34986,3.40885,3.99339,-3.40885,28.521,1.0,16.05568,1.0,6.38325,0.25,28.521,16.05568,1.80215,241.45
FCPI,EM17,2025-09-01,4.9061,5.62196,2.02105,0.92648,2.10402,2.43065,0.99035,21.51248,1.0,13.66717,1.0,4.03175,0.66667,21.51248,13.66717,1.20124,242.75
FCPI,EM18,2025-04-01,3.1,4.23458,1.29554,-1.28857,1.32744,1.81022,-1.32013,11.91752,1.0,7.82648,1.0,2.35595,0.5,11.91752,7.82648,0.73026,239.28333
FCPI,EM18,2025-05-01,2.66667,3.3449,1.11343,-0.70981,1.14431,1.42986,-0.72071,11.87192,1.0,7.79653,1.0,2.34693,0.66667,11.87192,7.79653,0.68249,239.5
FCPI,EM18,2025-06-01,2.95833,3.26331,1.23362,0.33012,1.27368,1.40873,0.35674,11.79436,1.0,7.7456,1.0,2.3316,0.41667,11.79436,7.7456,0.67253,239.80833
FCPI,EM18,2025-07-01,83.57538,83.86422,34.75429,-34.75429,35.67399,35.77989,-35.67399,58.84874,0.16667,54.15161,0.0,21.95956,0.0,78.49736,74.14676,12.00852,240.475
FCPI,EM18,2025-08-01,4.36667,5.61545,1.80852,-0.93187,1.84541,2.35183,-0.92102,11.72541,1.0,7.70032,1.0,2.31797,0.25,11.72541,7.70032,0.79237,241.45
FCPI,EM18,2025-09-01,6.48333,8.55998,2.67079,-2.65705,2.72217,3.58835,-2.70755,11.67411,1.0,7.66663,0.66667,2.30783,0.33333,11.67411,8.83467,1.03117,242.75
FCPI,EM2,2025-04-01,9.10709,11.30781,3.80598,3.14375,3.91087,4.8335,3.22301,20.10687,1.0,12.91395,0.83333,3.68383,0.16667,20.10687,13.86991,1.51398,239.28333
FCPI,EM2,2025-05-01,5.50552,5.99889,2.29876,2.28135,2.36751,2.58243,2.34917,14.33086,1.0,9.3722,1.0,2.82908,0.08333,14.33086,9.3722,0.92606,239.5
FCPI,EM2,2025-06-01,7.45289,7.68359,3.10785,3.10785,3.19515,3.29781,3.19515,10.22789,0.91667,6.69768,0.66667,2.03867,0.0,10.42352,8.18148,1.03927,239.80833
FCPI,EM2,2025-07-01,2.41017,2.93015,1.00225,0.69268,1.03369,1.25867,0.7263,12.59351,1.0,7.43423,1.0,2.1003,0.41667,12.59351,7.43423,0.64529,240.475
FCPI,EM2,2025-08-01,2.64828,3.49608,1.09682,-0.58436,1.11997,1.46685,-0.57826,11.60082,1.0,7.45734,1.0,2.17956,0.5,11.60082,7.45734,0.64171,241.45
FCPI,EM2,2025-09-01,3.00923,3.52492,1.23964,-0.38787,1.27147,1.48619,-0.39174,19.83178,1.0,12.7599,1.0,3.81143,0.91667,19.83178,12.7599,1.00907,242.75
FCPI,EM3,2025-04-01,10.64669,13.24842,4.44941,3.66754,4.57018,5.65917,3.75742,22.72462,1.0,14.73519,0.83333,4.23843,0.16667,22.72462,16.20005,1.76426,239.28333
FCPI,EM3,2025-05-01,3.28188,3.66503,1.37031,0.60522,1.41376,1.5769,0.62207,17.53101,1.0,10.88028,1.0,3.1476,0.58333,17.53101,10.88028,0.9014,239.5
FCPI,EM3,2025-06-01,9.05703,9.59909,3.77678,3.77678,3.87178,4.09548,3.87178,13.59559,1.0,8.5798,0.83333,2.57782,0.0,13.59559,9.05431,1.25616,239.80833
FCPI,EM3,2025-07-01,2.65712,3.23713,1.10495,0.90124,1.13726,1.38544,0.93332,15.81416,1.0,9.73611,1.0,2.85079,0.66667,15.81416,9.73611,0.79065,240.475
FCPI,EM3,2025-08-01,4.65688,6.01941,1.92871,-1.87264,1.95717,2.51559,-1.89779,13.59484,1.0,8.43062,1.0,2.56593,0.41667,13.59484,8.43062,0.89332,241.45
FCPI,EM3,2025-09-01,3.40729,4.13146,1.40362,1.17465,1.447,1.74671,1.21037,26.6115,1.0,13.7914,1.0,3.73431,0.75,26.6115,13.7914,1.13583,242.75
FCPI,EM4,2025-04-01,9.10709,11.30781,3.80598,3.14375,3.91087,4.8335,3.22301,20.10687,1.0,12.91395,0.83333,3.68383,0.16667,20.10687,13.86991,1.51398,239.28333
FCPI,EM4,2025-05-01,4.39878,4.80139,1.83665,1.77035,1.89464,2.07284,1.82478,12.99383,1.0,8.20002,1.0,2.42234,0.25,12.99383,8.20002,0.78574,239.5
FCPI,EM4,2025-06-01,7.75262,8.01329,3.23284,3.23284,3.32064,3.43368,3.32064,10.29969,1.0,6.7202,0.66667,2.04586,0.0,10.29969,7.9268,1.0595,239.80833
FCPI,EM4,2025-07-01,2.44007,2.97617,1.01469,0.72064,1.04673,1.27871,0.75484,12.62427,1.0,7.44032,1.0,2.09914,0.41667,12.62427,7.44032,0.64691,240.475
FCPI,EM4,2025-08-01,2.6556,3.50498,1.09985,-0.58531,1.12308,1.47058,-0.57918,11.6013,1.0,7.45698,1.0,2.17909,0.5,11.6013,7.45698,0.64216,241.45
FCPI,EM4,2025-09-01,3.00923,3.52492,1.23964,-0.38787,1.27147,1.48619,-0.39174,19.83178,1.0,12.7599,1.0,3.81143,0.91667,19.83178,12.7599,1.00907,242.75
FCPI,EM5,2025-04-01,9.18782,11.41994,3.83972,3.18682,3.94548,4.88141,3.26726,20.12206,1.0,12.92187,0.83333,3.68482,0.16667,20.12206,13.94161,1.52538,239.28333
FCPI,EM5,2025-05-01,5.50552,5.99889,2.29876,2.28135,2.36751,2.58243,2.34917,14.33086,1.0,9.3722,1.0,2.82908,0.08333,14.33086,9.3722,0.92606,239.5
FCPI,EM5,2025-06-01,7.45289,7.68359,3.10785,3.10785,3.19515,3.29781,3.19515,10.22789,0.91667,6.69768,0.66667,2.03867,0.0,10.42352,8.18148,1.03927,239.80833
FCPI,EM5,2025-07-01,2.31141,2.7549,0.96119,0.72062,0.99226,1.18619,0.75356,12.23127,1.0,7.36948,1.0,2.11444,0.5,12.23127,7.36948,0.6357,240.475
FCPI,EM5,2025-08-01,2.64828,3.49608,1.09682,-0.58436,1.11997,1.46685,-0.57826,11.60082,1.0,7.45734,1.0,2.17956,0.5,11.60082,7.45734,0.64171,241.45
FCPI,EM5,2025-09-01,3.01161,3.51673,1.24062,-0.37014,1.27261,1.48287,-0.37323,19.62913,1.0,12.64623,1.0,3.77939,0.91667,19.62913,12.64623,1.00068,242.75
FCPI,EM6,2025-04-01,9.10709,11.30781,3.80598,3.14375,3.91087,4.8335,3.22301,20.10687,1.0,12.91395,0.83333,3.68383,0.16667,20.10687,13.86991,1.51398,239.28333
FCPI,EM6,2025-05-01,5.45053,5.93596,2.2758,2.25575,2.3441,2.55586,2.32297,14.19972,1.0,9.26444,1.0,2.79282,0.08333,14.19972,9.26444,0.9166,239.5
FCPI,EM6,2025-06-01,7.45289,7.68359,3.10785,3.10785,3.19515,3.29781,3.19515,10.22789,0.91667,6.69768,0.66667,2.03867,0.0,10.42352,8.18148,1.03927,239.80833
FCPI,EM6,2025-07-01,2.41017,2.93015,1.00225,0.69268,1.03369,1.25867,0.7263,12.59351,1.0,7.43423,1.0,2.1003,0.41667,12.59351,7.43423,0.64529,240.475
FCPI,EM6,2025-08-01,2.64828,3.49608,1.09682,-0.58436,1.11997,1.46685,-0.57826,11.60082,1.0,7.45734,1.0,2.17956,0.5,11.60082,7.45734,0.64171,241.45
FCPI,EM6,2025-09-01,3.00923,3.52492,1.23964,-0.38787,1.27147,1.48619,-0.39174,19.83178,1.0,12.7599,1.0,3.81143,0.91667,19.83178,12.7599,1.00907,242.75
FCPI,EM7,2025-04-01,11.00571,13.81956,4.59945,3.95495,4.72338,5.90249,4.05329,22.85745,1.0,14.67267,0.83333,4.17983,0.16667,22.85745,16.47515,1.82101,239.28333
FCPI,EM7,2025-05-01,3.25857,3.6293,1.36057,0.57365,1.40354,1.56131,0.58931,17.72076,1.0,11.0141,1.0,3.18947,0.66667,17.72076,11.0141,0.90889,239.5
FCPI,EM7,2025-06-01,8.96694,9.54969,3.73921,3.73921,3.83231,4.07264,3.83231,13.67161,1.0,8.60712,0.83333,2.58226,0.08333,13.67161,9.02027,1.24777,239.80833
FCPI,EM7,2025-07-01,2.56082,3.13488,1.0649,0.86661,1.09588,1.34141,0.89731,15.90208,1.0,9.80355,1.0,2.87257,0.75,15.90208,9.80355,0.79185,240.475
FCPI,EM7,2025-08-01,4.43115,5.76414,1.83523,-1.76728,1.8622,2.40877,-1.79025,13.45587,1.0,8.33655,1.0,2.54419,0.5,13.45587,8.33655,0.86927,241.45
FCPI,EM7,2025-09-01,3.41236,4.12496,1.40571,1.18471,1.44898,1.74386,1.22058,26.64296,1.0,13.77217,1.0,3.72434,0.75,26.64296,13.77217,1.13494,242.75
FCPI,EM8,2025-04-01,9.10709,11.30781,3.80598,3.14375,3.91087,4.8335,3.22301,20.10687,1.0,12.91395,0.83333,3.68383,0.16667,20.10687,13.86991,1.51398,239.28333
FCPI,EM8,2025-05-01,5.45053,5.93596,2.2758,2.25575,2.3441,2.55586,2.32297,14.19972,1.0,9.26444,1.0,2.79282,0.08333,14.19972,9.26444,0.9166,239.5
FCPI,EM8,2025-06-01,7.45788,7.68824,3.10993,3.10993,3.19726,3.29975,3.19726,10.22574,0.91667,6.69595,0.66667,2.03808,0.0,10.41879,8.17764,1.03955,239.80833
FCPI,EM8,2025-07-01,2.31141,2.7549,0.96119,0.72062,0.99226,1.18619,0.75356,12.23127,1.0,7.36948,1.0,2.11444,0.5,12.23127,7.36948,0.6357,240.475
FCPI,EM8,2025-08-01,2.64828,3.49608,1.09682,-0.58436,1.11997,1.46685,-0.57826,11.60082,1.0,7.45734,1.0,2.17956,0.5,11.60082,7.45734,0.64171,241.45
FCPI,EM8,2025-09-01,3.00829,3.50911,1.23926,-0.36523,1.27117,1.47971,-0.36837,19.8674,1.0,12.75028,1.0,3.80484,0.91667,19.8674,12.75028,1.00843,242.75
FCPI,EM9,2025-04-01,2.66757,2.87609,1.11481,-0.08931,1.15398,1.24598,-0.08719,11.94468,1.0,8.17364,1.0,2.53813,0.5,11.94468,8.17364,0.70406,239.28333
FCPI,EM9,2025-05-01,3.13433,3.52697,1.3087,0.93322,1.3542,1.5281,0.96607,10.79352,1.0,7.08977,1.0,2.13919,0.33333,10.79352,7.08977,0.63695,239.5
FCPI,EM9,2025-06-01,5.7263,6.10374,2.38786,2.38786,2.45755,2.62416,2.45755,10.4323,1.0,6.77311,0.91667,2.03859,0.08333,10.4323,6.92442,0.83197,239.80833
FCPI,EM9,2025-07-01,4.83865,5.38944,2.01212,2.01212,2.074,2.31266,2.074,10.88162,1.0,7.22925,1.0,2.23701,0.25,10.88162,7.22925,0.77007,240.475
FCPI,EM9,2025-08-01,1.90416,2.53656,0.78864,-0.32962,0.80468,1.06904,-0.32257,10.63884,1.0,6.60058,1.0,1.94712,0.66667,10.63884,6.60058,0.55819,241.45
FCPI,EM9,2025-09-01,2.80996,3.54641,1.15755,-0.71169,1.18665,1.49294,-0.71945,10.03178,1.0,6.5013,1.0,1.94964,0.5,10.03178,6.5013,0.59326,242.75
HCPI,EM10,2025-04-01,2.97188,3.36554,1.42508,-1.42508,1.44452,1.63433,-1.44452,9.16058,1.0,6.19528,1.0,1.85658,0.25,9.16058,6.19528,0.65168,208.54167
HCPI,EM10,2025-05-01,2.14373,3.16865,1.02395,-1.01698,1.03991,1.53585,-1.03269,8.85637,1.0,5.81645,0.91667,1.75212,0.58333,8.85637,5.83762,0.54427,209.35833
HCPI,EM10,2025-06-01,3.30572,4.25591,1.57191,-1.57191,1.60301,2.05815,-1.60301,7.90114,1.0,4.58814,0.75,1.25941,0.16667,7.90114,5.66632,0.61877,210.3
HCPI,EM10,2025-07-01,2.6279,4.28146,1.2429,-1.00854,1.26923,2.06011,-1.02492,9.49221,1.0,6.37539,0.91667,1.96424,0.58333,9.49221,6.6838,0.68875,211.43333
HCPI,EM10,2025-08-01,3.75772,4.0127,1.76674,0.44804,1.82734,1.94857,0.47975,8.90935,1.0,5.27929,0.66667,1.71048,0.08333,8.90935,5.66581,0.66454,212.69167
HCPI,EM10,2025-09-01,4.35113,6.05661,2.03245,-1.72324,2.09899,2.91531,-1.77352,8.32583,0.83333,4.80288,0.58333,1.30662,0.41667,8.42837,7.64282,0.80654,214.08333
HCPI,EM11,2025-04-01,2.97188,3.36554,1.42508,-1.42508,1.44452,1.63433,-1.44452,9.16058,1.0,6.19528,1.0,1.85658,0.25,9.16058,6.19528,0.65168,208.54167
HCPI,EM11,2025-05-01,2.13059,3.15482,1.01768,-1.00933,1.03352,1.52914,-1.02489,8.85238,1.0,5.81383,0.91667,1.75136,0.58333,8.85238,5.83123,0.54314,209.35833
HCPI,EM11,2025-06-01,3.34915,4.28929,1.59256,-1.59256,1.62417,2.07439,-1.62417,7.89658,1.0,4.57633,0.75,1.25412,0.16667,7.89658,5.68737,0.62337,210.3
HCPI,EM11,2025-07-01,2.66783,4.35105,1.26178,-1.0656,1.28827,2.09355,-1.08362,9.4178,1.0,6.27153,0.91667,1.92089,0.5,9.4178,6.63092,0.68869,211.43333
HCPI,EM11,2025-08-01,3.63097,3.99084,1.70715,0.17134,1.76361,1.93299,0.19378,8.78018,1.0,5.1926,0.83333,1.65845,0.0,8.78018,5.3987,0.6399,212.69167
HCPI,EM11,2025-09-01,4.27133,5.91894,1.99517,-1.61361,2.06102,2.84924,-1.65948,8.34806,1.0,4.79455,0.66667,1.29818,0.33333,8.34806,7.40829,0.78875,214.08333
HCPI,EM12,2025-04-01,1.59239,1.95372,0.76358,-0.76358,0.77309,0.94799,-0.77309,10.46886,1.0,6.73311,1.0,1.98691,0.58333,10.46886,6.73311,0.55011,208.54167
HCPI,EM12,2025-05-01,2.43601,3.07328,1.16356,-1.16356,1.18302,1.48996,-1.18302,8.97714,1.0,5.55727,0.91667,1.40913,0.33333,8.97714,5.61327,0.57866,209.35833
HCPI,EM12,2025-06-01,1.93911,2.82304,0.92207,-0.147,0.94281,1.3668,-0.14338,8.36775,1.0,5.12788,1.0,1.2657,0.41667,8.36775,5.12788,0.48327,210.3
HCPI,EM12,2025-07-01,2.87794,4.38862,1.36116,-0.92345,1.39105,2.11183,-0.93699,12.64201,1.0,8.15322,1.0,2.39498,0.75,12.64201,8.15322,0.77281,211.43333
HCPI,EM12,2025-08-01,3.62458,3.81548,1.70415,0.6555,1.76331,1.8549,0.69173,16.29204,1.0,11.1165,1.0,3.8188,0.75,16.29204,11.1165,0.93994,212.69167
HCPI,EM12,2025-09-01,5.1974,6.9178,2.42775,-2.42775,2.50746,3.33131,-2.50746,12.04865,1.0,7.79242,0.75,2.33236,0.33333,12.04865,8.30677,0.97062,214.08333
HCPI,EM13,2025-04-01,2.30572,2.83155,1.10564,-1.10564,1.12031,1.37472,-1.12031,8.23805,1.0,5.26401,1.0,1.52622,0.25,8.23805,5.26401,0.50817,208.54167
HCPI,EM13,2025-05-01,1.90092,2.68464,0.90797,-0.88719,0.92253,1.30101,-0.90103,8.16604,1.0,4.90266,1.0,1.21751,0.5,8.16604,4.90266,0.48281,209.35833
HCPI,EM13,2025-06-01,2.00231,2.95365,0.95212,-0.18673,0.97347,1.42988,-0.18361,8.08537,1.0,5.15897,1.0,1.31448,0.41667,8.08537,5.15897,0.49151,210.3
HCPI,EM13,2025-07-01,3.18617,5.17946,1.50694,-1.35921,1.53792,2.49212,-1.38414,13.53294,1.0,9.38455,1.0,2.92304,0.58333,13.53294,9.38455,0.9329,211.43333
HCPI,EM13,2025-08-01,5.50038,6.11266,2.58608,2.22079,2.68615,2.98852,2.31346,15.16446,1.0,10.00895,0.83333,3.52533,0.33333,15.16446,10.24492,1.0888,212.69167
HCPI,EM13,2025-09-01,6.2193,7.05359,2.90508,2.90508,3.03329,3.44277,3.03329,19.02158,1.0,12.45616,0.91667,3.75677,0.33333,19.02158,12.75651,1.32193,214.08333
HCPI,EM14,2025-04-01,3.66465,4.0633,1.75727,-1.75727,1.78186,1.9738,-1.78186,8.95268,1.0,6.00607,1.0,1.77197,0.25,8.95268,6.00607,0.7103,208.54167
HCPI,EM14,2025-05-01,2.37059,2.94826,1.13231,-1.13231,1.15141,1.42942,-1.15141,9.43011,1.0,5.81089,0.91667,1.42243,0.33333,9.43011,5.94048,0.60802,209.35833
HCPI,EM14,2025-06-01,1.85211,2.97552,0.8807,-0.48581,0.89857,1.43793,-0.49066,8.38973,1.0,5.22395,1.0,1.26718,0.41667,8.38973,5.22395,0.49398,210.3
HCPI,EM14,2025-07-01,5.08817,6.46815,2.40651,-2.40651,2.4642,3.1193,-2.4642,16.93035,1.0,12.17911,1.0,3.91287,0.25,16.93035,12.17911,1.29329,211.43333
HCPI,EM14,2025-08-01,6.32143,7.19631,2.97211,2.91637,3.08855,3.51731,3.03165,16.02722,1.0,10.73859,0.75,3.93474,0.33333,16.02722,11.16721,1.22705,212.69167
HCPI,EM14,2025-09-01,6.32941,7.02458,2.95652,2.95652,3.08362,3.42369,3.08362,15.38671,1.0,9.54349,0.66667,2.78629,0.25,15.38671,10.40233,1.19821,214.08333
HCPI,EM15,2025-04-01,3.45833,3.88383,1.65834,-1.52248,1.68995,1.90064,-1.55386,31.75642,1.0,20.85509,1.0,6.27786,1.0,31.75642,20.85509,1.62059,208.54167
HCPI,EM15,2025-05-01,4.13333,4.77982,1.97429,-1.97429,2.01739,2.33104,-2.01739,31.63018,1.0,20.77219,1.0,6.2529,0.91667,31.63018,20.77219,1.63584,209.35833
HCPI,EM15,2025-06-01,4.975,5.77646,2.36567,-2.36567,2.42273,2.80658,-2.42273,31.48878,1.0,20.67933,1.0,6.22495,0.83333,31.48878,20.67933,1.67265,210.3
HCPI,EM15,2025-07-01,6.05833,6.98218,2.86536,-2.86536,2.94175,3.37768,-2.94175,31.31957,1.0,20.5682,1.0,6.1915,0.75,31.31957,20.5682,1.72398,211.43333
HCPI,EM15,2025-08-01,7.2,8.22121,3.38518,-3.38518,3.48945,3.9686,-3.48945,31.1339,1.0,20.44627,1.0,6.15479,0.66667,31.1339,20.44627,1.78397,212.69167
HCPI,EM15,2025-09-01,8.33333,9.48833,3.89257,-3.89257,4.03454,4.57941,-4.03454,30.93069,1.0,20.31282,1.0,6.11462,0.58333,30.93069,20.31282,1.85528,214.08333
HCPI,EM16,2025-04-01,3.45833,3.88383,1.65834,-1.52248,1.68995,1.90064,-1.55386,31.75642,1.0,20.85509,1.0,6.27786,1.0,31.75642,20.85509,1.62059,208.54167
HCPI,EM16,2025-05-01,4.13333,4.77982,1.97429,-1.97429,2.01739,2.33104,-2.01739,31.63018,1.0,20.77219,1.0,6.2529,0.91667,31.63018,20.77219,1.63584,209.35833
HCPI,EM16,2025-06-01,3.24871,4.8225,1.5448,-1.54006,1.57374,2.33117,-1.56886,10.21717,1.0,5.79862,0.83333,1.59889,0.33333,10.21717,6.76818,0.6905,210.3
HCPI,EM16,2025-07-01,5.85133,7.43224,2.76746,-2.76746,2.83249,3.5831,-2.83249,8.75008,0.91667,4.86805,0.5,1.28287,0.0,9.49647,8.76057,1.00424,211.43333
HCPI,EM16,2025-08-01,7.2,8.22121,3.38518,-3.38518,3.48945,3.9686,-3.48945,31.1339,1.0,20.44627,1.0,6.15479,0.66667,31.1339,20.44627,1.78397,212.69167
HCPI,EM16,2025-09-01,4.12539,5.42321,1.927,-1.927,1.99111,2.61105,-1.99111,14.04981,1.0,9.2268,1.0,2.77748,0.25,14.04981,9.2268,0.87201,214.08333
HCPI,EM17,2025-04-01,49.6857,49.70059,23.82531,23.82531,24.19577,24.204,24.19577,23.14553,0.0,16.62887,0.0,3.5632,0.0,109.42454,68.92457,8.12849,208.54167
HCPI,EM17,2025-05-01,1.24814,1.75333,0.59617,-0.22107,0.60648,0.85047,-0.22179,7.55326,1.0,4.32891,1.0,0.94978,0.33333,7.55326,4.32891,0.39315,209.35833
HCPI,EM17,2025-06-01,3.93696,4.06616,1.87207,1.26204,1.91985,1.98522,1.30043,9.66316,1.0,5.95742,0.83333,1.52478,0.0,9.66316,6.05303,0.67199,210.3
HCPI,EM17,2025-07-01,3.40991,5.07758,1.61276,-0.97551,1.64988,2.4442,-0.98708,8.73799,1.0,5.37978,0.83333,1.54623,0.33333,8.73799,6.49398,0.67638,211.43333
HCPI,EM17,2025-08-01,4.73096,6.46869,2.22433,-2.22433,2.28332,3.11259,-2.28332,7.92972,0.83333,4.75455,0.66667,1.35629,0.16667,8.55859,8.06687,0.86018,212.69167
HCPI,EM17,2025-09-01,4.61004,5.94877,2.15338,-1.2828,2.22902,2.86694,-1.3126,17.85815,1.0,11.72781,1.0,3.53034,0.33333,17.85815,11.72781,1.07086,214.08333
HCPI,EM18,2025-04-01,11.05117,11.2121,5.29926,5.29926,5.37522,5.447,5.37522,42.40322,1.0,27.84706,0.91667,8.3826,0.5,42.40322,28.24487,2.55131,208.54167
HCPI,EM18,2025-05-01,68.68278,68.91783,32.80633,-32.80633,33.45409,33.5548,-33.45409,54.68999,0.08333,49.11835,0.0,16.5809,0.0,70.01459,69.99563,11.61044,209.35833
HCPI,EM18,2025-06-01,68.57349,68.89437,32.60746,-32.60746,33.38777,33.53188,-33.38777,54.61708,0.16667,49.5246,0.0,17.18347,0.0,73.67716,68.88187,11.46144,210.3
HCPI,EM18,2025-07-01,68.71819,69.15412,32.50112,-32.50112,33.44727,33.64281,-33.44727,54.20846,0.16667,49.64675,0.0,18.21547,0.0,77.77775,68.86084,11.36174,211.43333
HCPI,EM18,2025-08-01,69.0137,69.49968,32.44777,-32.44777,33.56613,33.77872,-33.56613,53.78772,0.16667,49.48793,0.0,19.46166,0.0,81.95839,69.86171,11.32541,212.69167
HCPI,EM18,2025-09-01,8.60618,9.7184,4.02001,-4.02001,4.1651,4.69079,-4.1651,25.38691,1.0,16.67211,1.0,5.01868,0.16667,25.38691,16.67211,1.62477,214.08333
HCPI,EM2,2025-04-01,5.7378,6.03762,2.75139,-2.75139,2.79158,2.93492,-2.79158,8.94335,1.0,6.13172,0.91667,1.8001,0.16667,8.94335,6.30196,0.84211,208.54167
HCPI,EM2,2025-05-01,3.17674,3.97812,1.51737,-1.51737,1.54349,1.92938,-1.54349,11.63854,1.0,8.10198,1.0,2.50079,0.41667,11.63854,8.10198,0.74308,209.35833
HCPI,EM2,2025-06-01,2.10681,3.07257,1.00181,-0.89909,1.01965,1.48393,-0.91372,11.2538,0.91667,6.92653,0.91667,1.99,0.66667,11.33045,7.20505,0.63047,210.3
HCPI,EM2,2025-07-01,4.71301,6.20938,2.22907,-2.22907,2.28136,2.99263,-2.28136,15.24515,1.0,10.39117,1.0,3.22003,0.5,15.24515,10.39117,1.01624,211.43333
HCPI,EM2,2025-08-01,5.36509,5.94751,2.52247,2.11046,2.61906,2.90599,2.1987,14.29447,1.0,9.32886,0.66667,3.34124,0.33333,14.29447,10.23705,1.12238,212.69167
HCPI,EM2,2025-09-01,5.37781,7.17208,2.51202,-2.51202,2.59438,3.45345,-2.59438,12.37976,1.0,8.13255,0.75,2.4539,0.41667,12.37976,8.62786,0.99793,214.08333
HCPI,EM3,2025-04-01,3.75366,4.14133,1.79995,-1.79995,1.82514,2.01169,-1.82514,9.02474,1.0,6.06706,0.91667,1.79079,0.16667,9.02474,6.08973,0.72554,208.54167
HCPI,EM3,2025-05-01,2.7207,3.2371,1.29954,-1.29954,1.32203,1.57003,-1.32203,10.66889,1.0,6.79812,0.91667,1.76096,0.25,10.66889,6.87449,0.70079,209.35833
HCPI,EM3,2025-06-01,1.84023,2.91626,0.87505,-0.40777,0.89322,1.40963,-0.41081,8.61867,1.0,5.39378,1.0,1.31812,0.5,8.61867,5.39378,0.4989,210.3
HCPI,EM3,2025-07-01,4.98721,6.4646,2.35876,-2.35876,2.41449,3.11663,-2.41449,16.6293,1.0,11.95298,1.0,3.83925,0.25,16.6293,11.95298,1.27068,211.43333
HCPI,EM3,2025-08-01,5.74156,6.41222,2.69948,2.42453,2.80418,3.13459,2.52366,15.62552,1.0,10.34346,0.83333,3.73687,0.33333,15.62552,10.61858,1.13276,212.69167
HCPI,EM3,2025-09-01,3.29337,3.58953,1.53836,0.47712,1.60089,1.7442,0.50823,13.69742,1.0,8.64538,1.0,2.55306,0.33333,13.69742,8.64538,0.7667,214.08333
HCPI,EM4,2025-04-01,5.51273,5.83467,2.64347,-2.64347,2.68194,2.83601,-2.68194,9.03095,1.0,6.24142,0.91667,1.83963,0.25,9.03095,6.36029,0.82362,208.54167
HCPI,EM4,2025-05-01,3.16933,3.97388,1.51383,-1.51383,1.53988,1.92731,-1.53988,11.57806,1.0,8.05159,1.0,2.48418,0.41667,11.57806,8.05159,0.73955,209.35833
HCPI,EM4,2025-06-01,2.13026,3.09973,1.01296,-0.91667,1.03104,1.49707,-0.93171,11.22825,0.91667,6.90716,0.91667,1.98325,0.66667,11.31056,7.18882,0.63107,210.3
HCPI,EM4,2025-07-01,2.8062,4.69907,1.32723,-1.23088,1.35397,2.26059,-1.25357,12.67704,1.0,8.59997,1.0,2.65509,0.75,12.67704,8.59997,0.80148,211.43333
HCPI,EM4,2025-08-01,11.46217,11.8694,5.3891,5.3891,5.58741,5.79102,5.58741,11.8705,0.33333,7.51997,0.16667,3.01155,0.0,24.82826,19.68039,2.1604,212.69167
HCPI,EM4,2025-09-01,4.41608,5.23209,2.06278,1.92211,2.15423,2.55226,2.00931,13.69383,1.0,8.71113,0.75,2.56125,0.33333,13.69383,8.89892,0.9554,214.08333
HCPI,EM5,2025-04-01,5.72508,6.04195,2.74529,-2.74529,2.78552,2.93718,-2.78552,9.19406,1.0,6.26573,0.91667,1.83824,0.16667,9.19406,6.39247,0.84542,208.54167
HCPI,EM5,2025-05-01,2.97411,3.78158,1.42059,-1.42059,1.44457,1.83362,-1.44457,11.26413,1.0,7.83035,1.0,2.41584,0.41667,11.26413,7.83035,0.71409,209.35833
HCPI,EM5,2025-06-01,2.12028,3.08813,1.00821,-0.90918,1.02619,1.49146,-0.92405,11.23913,0.91667,6.91541,0.91667,1.98613,0.66667,11.31903,7.19573,0.63082,210.3
HCPI,EM5,2025-07-01,4.55102,6.06785,2.15246,-2.15246,2.20233,2.92377,-2.20233,16.35373,1.0,11.31324,1.0,3.54058,0.58333,16.35373,11.31324,1.05899,211.43333
HCPI,EM5,2025-08-01,6.48856,7.24145,3.05069,2.88367,3.17078,3.54303,3.00033,15.95054,0.91667,10.11003,0.66667,3.49561,0.33333,16.49742,11.7753,1.29414,212.69167
HCPI,EM5,2025-09-01,5.471,7.15164,2.55555,-2.55555,2.64034,3.44434,-2.64034,12.52186,1.0,8.22695,0.75,2.48481,0.33333,12.52186,8.62691,1.00519,214.08333
HCPI,EM6,2025-04-01,5.7378,6.03762,2.75139,-2.75139,2.79158,2.93492,-2.79158,8.94335,1.0,6.13172,0.91667,1.8001,0.16667,8.94335,6.30196,0.84211,208.54167
HCPI,EM6,2025-05-01,3.16933,3.97388,1.51383,-1.51383,1.53988,1.92731,-1.53988,11.57806,1.0,8.05159,1.0,2.48418,0.41667,11.57806,8.05159,0.73955,209.35833
HCPI,EM6,2025-06-01,2.13026,3.09973,1.01296,-0.91667,1.03104,1.49707,-0.93171,11.22825,0.91667,6.90716,0.91667,1.98325,0.66667,11.31056,7.18882,0.63107,210.3
HCPI,EM6,2025-07-01,5.77966,6.99255,2.73356,-2.73356,2.80146,3.37469,-2.80146,15.35646,1.0,10.62972,1.0,3.33373,0.25,15.35646,10.62972,1.10522,211.43333
HCPI,EM6,2025-08-01,5.36343,5.93362,2.52169,2.07608,2.61834,2.89966,2.16371,14.16956,0.91667,9.18719,0.66667,3.28298,0.33333,14.17291,10.17137,1.11191,212.69167
HCPI,EM6,2025-09-01,5.23467,7.01016,2.44515,-2.44185,2.52518,3.37578,-2.52169,11.91647,1.0,7.82941,0.75,2.36524,0.33333,11.91647,8.35559,0.97084,214.08333
HCPI,EM7,2025-04-01,3.75366,4.14133,1.79995,-1.79995,1.82514,2.01169,-1.82514,9.02474,1.0,6.06706,0.91667,1.79079,0.16667,9.02474,6.08973,0.72554,208.54167
HCPI,EM7,2025-05-01,2.7207,3.2371,1.29954,-1.29954,1.32203,1.57003,-1.32203,10.66889,1.0,6.79812,0.91667,1.76096,0.25,10.66889,6.87449,0.70079,209.35833
HCPI,EM7,2025-06-01,1.84071,2.91017,0.87528,-0.3973,0.89351,1.40675,-0.40007,8.56963,1.0,5.3802,1.0,1.31341,0.5,8.56963,5.3802,0.4978,210.3
HCPI,EM7,2025-07-01,5.13152,6.60336,2.42702,-2.42702,2.48449,3.18378,-2.48449,16.09473,1.0,11.62332,1.0,3.74556,0.25,16.09473,11.62332,1.26491,211.43333
HCPI,EM7,2025-08-01,5.69479,6.35272,2.67749,2.38538,2.78125,3.1055,2.48322,15.70902,1.0,10.38808,0.83333,3.73623,0.33333,15.70902,10.6342,1.12875,212.69167
HCPI,EM7,2025-09-01,3.3239,3.62985,1.55262,-0.0301,1.61206,1.7567,-0.01828,13.25752,1.0,8.36607,1.0,2.46935,0.33333,13.25752,8.36607,0.73992,214.08333
HCPI,EM8,2025-04-01,5.7378,6.03762,2.75139,-2.75139,2.79158,2.93492,-2.79158,8.94335,1.0,6.13172,0.91667,1.8001,0.16667,8.94335,6.30196,0.84211,208.54167
HCPI,EM8,2025-05-01,3.17674,3.97812,1.51737,-1.51737,1.54349,1.92938,-1.54349,11.63854,1.0,8.10198,1.0,2.50079,0.41667,11.63854,8.10198,0.74308,209.35833
HCPI,EM8,2025-06-01,2.12028,3.08813,1.00821,-0.90918,1.02619,1.49146,-0.92405,11.23913,0.91667,6.91541,0.91667,1.98613,0.66667,11.31903,7.19573,0.63082,210.3
HCPI,EM8,2025-07-01,4.56376,6.1254,2.15848,-2.15848,2.2087,2.95159,-2.2087,16.94775,1.0,11.59821,1.0,3.60126,0.66667,16.94775,11.59821,1.0759,211.43333
HCPI,EM8,2025-08-01,5.36509,5.94751,2.52247,2.11046,2.61906,2.90599,2.1987,14.29447,1.0,9.32886,0.66667,3.34124,0.33333,14.29447,10.23705,1.12238,212.69167
HCPI,EM8,2025-09-01,5.37781,7.17208,2.51202,-2.51202,2.59438,3.45345,-2.59438,12.37976,1.0,8.13255,0.75,2.4539,0.41667,12.37976,8.62786,0.99793,214.08333
HCPI,EM9,2025-04-01,2.96508,3.3637,1.42182,-1.42182,1.44121,1.63344,-1.44121,9.12287,1.0,6.16809,1.0,1.84711,0.25,9.12287,6.16809,0.64989,208.54167
HCPI,EM9,2025-05-01,2.1238,3.14769,1.01443,-1.00537,1.03023,1.52567,-1.02085,8.85033,1.0,5.81248,0.91667,1.75097,0.58333,8.85033,5.82793,0.54256,209.35833
HCPI,EM9,2025-06-01,3.34915,4.28929,1.59256,-1.59256,1.62417,2.07439,-1.62417,7.89658,1.0,4.57633,0.75,1.25412,0.16667,7.89658,5.68737,0.62337,210.3
HCPI,EM9,2025-07-01,2.63451,4.28968,1.24602,-1.04314,1.27222,2.06403,-1.06068,9.38498,1.0,6.24068,0.91667,1.90983,0.5,9.38498,6.58199,0.6826,211.43333
HCPI,EM9,2025-08-01,3.6464,3.98409,1.71441,0.21137,1.77142,1.93045,0.23513,8.78146,1.0,5.20325,0.83333,1.66731,0.08333,8.78146,5.42892,0.64277,212.69167
HCPI,EM9,2025-09-01,4.31837,5.98566,2.01714,-1.64772,2.08363,2.88131,-1.69481,8.38921,0.91667,4.80249,0.58333,1.29983,0.33333,8.42295,7.49997,0.7969,214.08333
