exp_id,MASE,SoftDTW,TPAloss,SQL,var,em,block,TPA,Neff,maxw
B11-M-001,0.184848419595937,73.604325926823,0.333333333333333,0.1131767370352217,HCPI,EM2,A,0.666666666666667,2.4521824423737124,0.61
B11-M-002,0.101966524517232,30.0199740760362,0.166666666666667,0.1001226796823035,HCPI,EM2,A,0.833333333333333,1.315436241610738,0.869047619047619
B11-M-003,0.0676390011577095,13.9574124435728,0.0,0.0854817198031212,HCPI,EM2,A,1.0,2.0329807093963908,0.525252525252525
B11-M-004,0.151777225689445,97.2253298734801,0.0,0.1388317938519864,HCPI,EM2,A,1.0,3.0281014393420143,0.531914893617021
B11-M-005,0.174779452554072,44.8760013336321,0.0,0.1551506912546639,HCPI,EM2,A,1.0,2.5989847715736056,0.583333333333333
B11-M-006,0.173560931427534,115.665933966804,0.0,0.138236933150334,HCPI,EM2,A,1.0,3.8506329113924096,0.41025641025641
B11-M-007,0.120853805140447,26.7717555337528,0.166666666666667,0.0975356633992424,HCPI,EM3,A,0.833333333333333,2.5055975794251126,0.450549450549451
B11-M-008,0.0873364659600652,14.7894588750036,0.0,0.0943696466867462,HCPI,EM3,A,1.0,1.310615989515072,0.87
B11-M-009,0.0592519713169088,11.266366673549,0.0,0.0676428915597781,HCPI,EM3,A,1.0,1.7562346329469616,0.74
B11-M-010,0.160634110567209,105.797028524629,0.0,0.1736866570435387,HCPI,EM3,A,1.0,2.6630500301386357,0.574468085106383
B11-M-011,0.18713374683871,54.5127271520482,0.0,0.1564908993973825,HCPI,EM3,A,1.0,2.5340369393139848,0.581632653061224
B11-M-012,0.107097489353905,16.5164203076487,0.0,0.1065626820432727,HCPI,EM3,A,1.0,5.4288816503800215,0.27
B11-M-013,0.177588549123049,67.4795747946562,0.333333333333333,0.1107058148172498,HCPI,EM4,A,0.666666666666667,2.21141088014153,0.64
B11-M-014,0.101727605022578,29.9294910225952,0.166666666666667,0.0996458071792306,HCPI,EM4,A,0.833333333333333,1.3067137809187286,0.872093023255814
B11-M-015,0.0683943629115092,14.4023392445914,0.0,0.0855617879557358,HCPI,EM4,A,1.0,2.0357234644050375,0.528089887640449
B11-M-016,0.0900787491718657,50.4566912332994,0.0,0.1094753521363625,HCPI,EM4,A,1.0,2.134927412467976,0.65
B11-M-017,0.372869208264595,242.341490553857,0.25,0.2990773761800483,HCPI,EM4,A,0.75,2.386946386946387,0.578125
B11-M-018,0.144115382558571,25.9339917263805,0.25,0.1330026881470904,HCPI,EM4,A,0.75,6.2543312543312535,0.221052631578947
B11-M-019,0.184447246678164,73.9826459309327,0.333333333333333,0.1136335796950448,HCPI,EM5,A,0.666666666666667,2.513826043237808,0.6
B11-M-020,0.095431351725431,26.145832845268,0.166666666666667,0.096214227674215,HCPI,EM5,A,0.833333333333333,1.3279128248113994,0.865168539325843
B11-M-021,0.0680728382446708,14.2120005132416,0.0,0.0855277409651693,HCPI,EM5,A,1.0,2.0345800988002822,0.526881720430108
B11-M-022,0.146519187062694,92.4638522386488,0.0,0.144721137935559,HCPI,EM5,A,1.0,2.5128205128205128,0.591836734693878
B11-M-023,0.2115980148026,102.267936708454,0.0,0.1789923256052167,HCPI,EM5,A,1.0,3.834782608695653,0.428571428571428
B11-M-024,0.176635470454734,116.40201578431,0.0,0.1392686453882605,HCPI,EM5,A,1.0,3.6528451698279656,0.362637362637363
B11-M-025,0.184848419595937,73.604325926823,0.333333333333333,0.1131767370352217,HCPI,EM6,A,0.666666666666667,2.4521824423737124,0.61
B11-M-026,0.101727605022578,29.9294910225952,0.166666666666667,0.0996458071792306,HCPI,EM6,A,0.833333333333333,1.3067137809187286,0.872093023255814
B11-M-027,0.0683943629115092,14.4023392445914,0.0,0.0855617879557358,HCPI,EM6,A,1.0,2.0357234644050375,0.528089887640449
B11-M-028,0.186379177038598,128.048831761075,0.0,0.1510253240235057,HCPI,EM6,A,1.0,4.460303300624442,0.39
B11-M-029,0.17473154938137,48.3442000500269,0.0,0.1537104741515665,HCPI,EM6,A,1.0,2.6992014196983134,0.564102564102564
B11-M-030,0.168931343736374,111.622826486089,0.0,0.1344735856900262,HCPI,EM6,A,1.0,3.610027855153204,0.375
B11-M-031,0.120853805140447,26.7717555337528,0.166666666666667,0.0975356633992424,HCPI,EM7,A,0.833333333333333,2.5055975794251126,0.450549450549451
B11-M-032,0.0873364659600652,14.7894588750036,0.0,0.0943696466867462,HCPI,EM7,A,1.0,1.310615989515072,0.87
B11-M-033,0.0592713223822839,11.1537883984325,0.0,0.0674939246530309,HCPI,EM7,A,1.0,1.721763085399449,0.75
B11-M-034,0.165291153165857,110.728865053288,0.0,0.1728869622486991,HCPI,EM7,A,1.0,2.323892519970951,0.625
B11-M-035,0.185603657647391,53.9117917352983,0.0,0.1559290770708853,HCPI,EM7,A,1.0,2.544529262086514,0.58
B11-M-036,0.10784443943618,23.0584964236576,0.0,0.1027648657640054,HCPI,EM7,A,1.0,5.260869565217387,0.262626262626263
B11-M-037,0.184848419595937,73.604325926823,0.333333333333333,0.1131767370352217,HCPI,EM8,A,0.666666666666667,2.4521824423737124,0.61
B11-M-038,0.101966524517232,30.0199740760362,0.166666666666667,0.1001226796823035,HCPI,EM8,A,0.833333333333333,1.315436241610738,0.869047619047619
B11-M-039,0.0680728382446708,14.2120005132416,0.0,0.0855277409651693,HCPI,EM8,A,1.0,2.0345800988002822,0.526881720430108
B11-M-040,0.14694314656313,94.4480115601352,0.0,0.1470320102783669,HCPI,EM8,A,1.0,2.6470588235294112,0.566666666666667
B11-M-041,0.174779452554072,44.8760013336321,0.0,0.1551506912546639,HCPI,EM8,A,1.0,2.5989847715736056,0.583333333333333
B11-M-042,0.173560931427534,115.665933966804,0.0,0.138236933150334,HCPI,EM8,A,1.0,3.8506329113924096,0.41025641025641
B11-M-043,0.0954314198288331,13.4998901065513,0.166666666666667,0.0874039110943374,HCPI,EM9,A,0.833333333333333,1.869158878504673,0.69
B11-M-044,0.0680589930335611,14.2192302908248,0.0,0.0730748697759934,HCPI,EM9,A,1.0,1.1708586296617518,0.922222222222222
B11-M-045,0.107739834705212,38.1184575515191,0.0,0.0844217530722854,HCPI,EM9,A,1.0,1.8960940462646951,0.69
B11-M-046,0.0846400264935233,39.9072289649728,0.0,0.0931151812986289,HCPI,EM9,A,1.0,3.333333333333333,0.36
B11-M-047,0.118213381525753,33.9718495572143,0.0,0.0886217804875633,HCPI,EM9,A,1.0,2.18821165438714,0.646464646464647
B11-M-048,0.139392261161242,70.5584289088186,0.0,0.1102245582626543,HCPI,EM9,A,1.0,2.9817462731974436,0.525252525252525
B11-M-049,0.0956507560403353,13.4668217698509,0.166666666666667,0.0876442777073738,HCPI,EM10,A,0.833333333333333,1.8375597206909229,0.7
B11-M-050,0.0686985501833914,14.5663689669271,0.0,0.0733035947843376,HCPI,EM10,A,1.0,1.1648484848484846,0.924731182795699
B11-M-051,0.106335916953266,37.361589563112,0.0,0.0837998504426441,HCPI,EM10,A,1.0,1.9440124416796265,0.68
B11-M-052,0.084441050859231,39.7901939011458,0.0,0.0939633817865945,HCPI,EM10,A,1.0,3.3268072289156625,0.382978723404255
B11-M-053,0.12194526634519,29.8810064962804,0.0,0.0916941191823298,HCPI,EM10,A,1.0,2.112378538234051,0.66
B11-M-054,0.140420005108149,72.4119680378108,0.0,0.1115523530599678,HCPI,EM10,A,1.0,3.173584905660376,0.494252873563219
B11-M-055,0.0956507560403353,13.4668217698509,0.166666666666667,0.0876442777073738,HCPI,EM11,A,0.833333333333333,1.8375597206909229,0.7
B11-M-056,0.0682768641505361,14.3371106171987,0.0,0.073152787086529,HCPI,EM11,A,1.0,1.1688073394495413,0.923076923076923
B11-M-057,0.107739834705212,38.1184575515191,0.0,0.0844217530722854,HCPI,EM11,A,1.0,1.8960940462646951,0.69
B11-M-058,0.0857077042740217,41.4882827731756,0.0,0.0939427532365813,HCPI,EM11,A,1.0,3.306878306878307,0.36
B11-M-059,0.117692101703168,34.1437290957104,0.0,0.0882141132429327,HCPI,EM11,A,1.0,2.115059221658206,0.66
B11-M-060,0.137879295903393,68.1960089344643,0.0,0.1091032866237691,HCPI,EM11,A,1.0,3.0940594059405924,0.51
B11-M-061,0.0511910813417122,-3.741522680969,0.0,0.0740395489350787,HCPI,EM12,A,1.0,3.659665499805524,0.402061855670103
B11-M-062,0.0781529377270128,12.3034058437481,0.0,0.0778941539850953,HCPI,EM12,A,1.0,1.6683997689196997,0.736842105263158
B11-M-063,0.0625417651305014,9.27293794960786,0.0,0.065561939091694,HCPI,EM12,A,1.0,2.1380231522707023,0.63265306122449
B11-M-064,0.0925455932626593,41.5916052150135,0.0,0.1055062557213626,HCPI,EM12,A,1.0,3.6094420600858372,0.379310344827586
B11-M-065,0.117672019686832,17.1788061642182,0.0,0.1296105743313601,HCPI,EM12,A,1.0,6.759999999999994,0.230769230769231
B11-M-066,0.167746205462417,104.090199009277,0.0,0.1344518913640552,HCPI,EM12,A,1.0,4.871886120996443,0.351351351351351
B11-M-067,0.0741826412343131,7.00120825060305,0.166666666666667,0.0683452652926599,HCPI,EM13,A,0.833333333333333,2.4679170779861797,0.5
B11-M-068,0.0609440737495475,6.5974955958092,0.0,0.06499121658714,HCPI,EM13,A,1.0,1.8092767775404341,0.662337662337662
B11-M-069,0.0645753617254705,11.5268044669518,0.0,0.066680750622327,HCPI,EM13,A,1.0,2.1813932784331187,0.606060606060606
B11-M-070,0.102316585798535,63.6223548637756,0.0,0.127369442339608,HCPI,EM13,A,1.0,2.9355481727574784,0.521276595744681
B11-M-071,0.179257070238828,52.2235398966727,0.0,0.1504238415257543,HCPI,EM13,A,1.0,3.632507349853004,0.473118279569892
B11-M-072,0.202923547228254,89.8868024050885,0.0,0.1840362809615944,HCPI,EM13,A,1.0,4.940329218106999,0.357142857142857
B11-M-073,0.117988434209625,25.4451760548376,0.166666666666667,0.0954907496409066,HCPI,EM14,A,0.833333333333333,2.4676108051403096,0.463917525773196
B11-M-074,0.0760648051507072,10.0611547324096,0.0,0.0818504311988873,HCPI,EM14,A,1.0,1.1539349180706207,0.93
B11-M-075,0.0596070115790111,12.400901700278,0.0,0.066962348809361,HCPI,EM14,A,1.0,1.7953837699212303,0.727272727272727
B11-M-076,0.163941160762167,106.09435061296,0.0,0.1768024596775393,HCPI,EM14,A,1.0,2.898630136986301,0.543478260869565
B11-M-077,0.206110612202354,66.9153984784185,0.25,0.1695620159570046,HCPI,EM14,A,0.75,3.26086956521739,0.488888888888889
B11-M-078,0.206290358314794,51.5371749159091,0.25,0.1668584832151785,HCPI,EM14,A,0.75,4.266211604095564,0.43
B11-M-079,0.111902324646565,33.2378529523274,1.0,0.2179788338917085,HCPI,EM15,A,0.0,1.0,1.0
B11-M-080,0.133272884965197,55.6930296720922,1.0,0.2204817965216612,HCPI,EM15,A,0.0,1.0,1.0
B11-M-081,0.160712443220912,86.0804319655021,1.0,0.2272056694456007,HCPI,EM15,A,0.0,1.0,1.0
B11-M-082,0.195712274620756,131.158470287504,1.0,0.2359200467975241,HCPI,EM15,A,0.0,1.0,1.0
B11-M-083,0.232864520956299,187.217927623735,1.0,0.2461061083713835,HCPI,EM15,A,0.0,1.0,1.0
B11-M-084,0.269905371587978,250.554656586385,1.0,0.2579316587721209,HCPI,EM15,A,0.0,1.0,1.0
B11-M-085,0.111902324646565,33.2378529523274,1.0,0.2179788338917085,HCPI,EM16,A,0.0,1.0,1.0
B11-M-086,0.133272884965197,55.6930296720922,1.0,0.2204817965216612,HCPI,EM16,A,0.0,1.0,1.0
B11-M-087,0.104394758140601,52.7543143578519,0.0,0.0935511791028022,HCPI,EM16,A,1.0,1.6,0.75
B11-M-088,0.188443457980881,141.029185450069,0.0,0.1367442172949917,HCPI,EM16,A,1.0,1.1172413793103448,0.944444444444444
B11-M-089,0.232864520956299,187.217927623735,1.0,0.2461061083713835,HCPI,EM16,A,0.0,1.0,1.0
B11-M-090,0.133202533635154,37.775270321273,0.0,0.1207692620204412,HCPI,EM16,A,1.0,1.0,1.0
B11-M-091,1.60215580583591,7030.00097536787,0.166666666666667,1.1195541424553912,HCPI,EM17,A,0.833333333333333,1.6,0.75
B11-M-092,0.0400653082723392,-4.69786326526109,0.0,0.0529481541801413,HCPI,EM17,A,1.0,1.1980198019801982,0.909090909090909
B11-M-093,0.12735351860635,15.5467202840321,0.2,0.0913685186709934,HCPI,EM17,A,0.8,1.7999999999999992,0.666666666666667
B11-M-094,0.109765086585907,60.5974664964861,0.25,0.0921768115837309,HCPI,EM17,A,0.75,2.0237154150197627,0.59375
B11-M-095,0.152374625360547,98.3595763003326,0.0,0.1179753467487354,HCPI,EM17,A,1.0,2.1724137931034475,0.523809523809524
B11-M-096,0.149118755838291,71.0739219586559,0.0,0.1485130717002207,HCPI,EM17,A,1.0,2.0,0.5
B11-M-097,0.355927589815123,356.000659216499,0.0,0.3431701680704783,HCPI,EM18,A,1.0,1.0,1.0
B11-M-098,2.2100491894868,13511.0913846372,0.166666666666667,1.5634723034289504,HCPI,EM18,A,0.833333333333333,1.0,1.0
B11-M-099,2.21478748919008,13492.6464834968,0.4,1.5564555073897617,HCPI,EM18,A,0.6,1.0,1.0
B11-M-100,2.22522275336431,13582.0605415841,0.5,1.555598248917046,HCPI,EM18,A,0.5,1.0,1.0
B11-M-101,2.23999469296207,13692.0237717494,0.25,1.5635731053494817,HCPI,EM18,A,0.75,1.0,1.0
B11-M-102,0.278640085727726,234.089409459162,0.0,0.2254301313808595,HCPI,EM18,A,1.0,1.0,1.0
B11-M-103,0.195014672509955,256.998377257657,0.0,0.155316925475922,FCPI,EM2,A,1.0,1.8278858088539516,0.702127659574468
B11-M-104,0.118047927272321,26.5950259886966,0.166666666666667,0.0949919904793484,FCPI,EM2,A,0.833333333333333,2.5021645021645016,0.558823529411765
B11-M-105,0.159751876686438,95.7354329700628,0.0,0.1068244450740009,FCPI,EM2,A,1.0,1.3294336612603033,0.86
B11-M-106,0.0519055075996618,2.32254161656671,0.2,0.0663166549617488,FCPI,EM2,A,0.8,3.0805500982318255,0.446428571428572
B11-M-107,0.0565250304639996,6.15100700191267,0.0,0.0662222331863009,FCPI,EM2,A,1.0,2.929666366095583,0.403508771929824
B11-M-108,0.0643747498116624,4.51580850490585,0.0,0.1050232755467284,FCPI,EM2,A,1.0,1.3314324052331432,0.857142857142857
B11-M-109,0.227891201881653,358.556988283152,0.0,0.1809379593963609,FCPI,EM3,A,1.0,2.7762354247640197,0.53
B11-M-110,0.0704922801090531,13.7228303272371,0.0,0.0924141130885823,FCPI,EM3,A,1.0,2.221235006663705,0.53
B11-M-111,0.19358235352791,174.289683526049,0.0,0.1287677036147998,FCPI,EM3,A,1.0,4.682728749323228,0.311827956989247
B11-M-112,0.0571062062580772,3.62881662101353,0.0,0.081265385860283,FCPI,EM3,A,1.0,3.467817896389325,0.446808510638298
B11-M-113,0.0987784847733657,50.3286325188729,0.25,0.0921100901518806,FCPI,EM3,A,0.75,2.2883295194508007,0.63
B11-M-114,0.0732616667774911,13.4189638811111,0.0,0.1183880641228043,FCPI,EM3,A,1.0,6.018789144050104,0.236559139784946
B11-M-115,0.195014672509955,256.998377257657,0.0,0.155316925475922,FCPI,EM4,A,1.0,1.8278858088539516,0.702127659574468
B11-M-116,0.094469960697726,17.2836686849269,0.166666666666667,0.0806380422490576,FCPI,EM4,A,0.833333333333333,2.6246719160104983,0.56
B11-M-117,0.166026163010671,109.09905755617,0.0,0.1088413414755274,FCPI,EM4,A,1.0,1.484185493460167,0.810126582278481
B11-M-118,0.0525601464946415,2.5764824382247,0.2,0.0664897739300654,FCPI,EM4,A,0.8,3.112416640203238,0.454545454545455
B11-M-119,0.0566816504283881,6.24270234118396,0.0,0.066268631467777,FCPI,EM4,A,1.0,2.925925925925927,0.40506329113924
B11-M-120,0.0643747498116624,4.51580850490585,0.0,0.1050232755467284,FCPI,EM4,A,1.0,1.3314324052331432,0.857142857142857
B11-M-121,0.196740799678618,262.469728274681,0.0,0.1564809388023276,FCPI,EM5,A,1.0,1.8359150889271367,0.7
B11-M-122,0.118047927272321,26.5950259886966,0.166666666666667,0.0949919904793484,FCPI,EM5,A,0.833333333333333,2.5021645021645016,0.558823529411765
B11-M-123,0.159751876686438,95.7354329700628,0.0,0.1068244450740009,FCPI,EM5,A,1.0,1.3294336612603033,0.86
B11-M-124,0.0498253218802188,0.976571645331457,0.2,0.0653429147388852,FCPI,EM5,A,0.8,3.028467595396729,0.43
B11-M-125,0.0565250304639996,6.15100700191267,0.0,0.0662222331863009,FCPI,EM5,A,1.0,2.929666366095583,0.403508771929824
B11-M-126,0.064432526497695,4.54141039269174,0.0,0.1041418968513097,FCPI,EM5,A,1.0,1.3040045121263388,0.867647058823529
B11-M-127,0.195014672509955,256.998377257657,0.0,0.155316925475922,FCPI,EM6,A,1.0,1.8278858088539516,0.702127659574468
B11-M-128,0.116880691180334,25.7524018823018,0.166666666666667,0.094026650928218,FCPI,EM6,A,0.833333333333333,2.5071090047393363,0.565217391304348
B11-M-129,0.159751876686438,95.7354329700628,0.0,0.1068244450740009,FCPI,EM6,A,1.0,1.3294336612603033,0.86
B11-M-130,0.0519055075996618,2.32254161656671,0.2,0.0663166549617488,FCPI,EM6,A,0.8,3.0805500982318255,0.446428571428572
B11-M-131,0.0565250304639996,6.15100700191267,0.0,0.0662222331863009,FCPI,EM6,A,1.0,2.929666366095583,0.403508771929824
B11-M-132,0.0643747498116624,4.51580850490585,0.0,0.1050232755467284,FCPI,EM6,A,1.0,1.3314324052331432,0.857142857142857
B11-M-133,0.235530391102153,391.9838951387,0.0,0.1867105526611902,FCPI,EM7,A,1.0,2.5113008538422905,0.56
B11-M-134,0.0699830683785969,13.2863020175687,0.0,0.0931841181152633,FCPI,EM7,A,1.0,2.267175572519084,0.525252525252525
B11-M-135,0.191608794705174,172.627207040387,0.0,0.127881590898015,FCPI,EM7,A,1.0,4.637533512064344,0.32258064516129
B11-M-136,0.0550281217423205,2.99396837163543,0.0,0.0813942655781619,FCPI,EM7,A,1.0,3.255711127487103,0.457446808510638
B11-M-137,0.0939853371315581,43.8305648513324,0.25,0.0896447574881755,FCPI,EM7,A,0.75,2.3682355902340824,0.618556701030928
B11-M-138,0.0733617248577341,13.549985192271,0.0,0.1182978491580106,FCPI,EM7,A,1.0,6.151162790697676,0.217391304347826
B11-M-139,0.195014672509955,256.998377257657,0.0,0.155316925475922,FCPI,EM8,A,1.0,1.8278858088539516,0.702127659574468
B11-M-140,0.116880691180334,25.7524018823018,0.166666666666667,0.094026650928218,FCPI,EM8,A,0.833333333333333,2.5071090047393363,0.565217391304348
B11-M-141,0.159857370959149,95.9255732032943,0.0,0.1068530355706083,FCPI,EM8,A,1.0,1.333287988028839,0.858585858585859
B11-M-142,0.0498253218802188,0.976571645331457,0.2,0.0653429147388852,FCPI,EM8,A,0.8,3.028467595396729,0.43
B11-M-143,0.0565250304639996,6.15100700191267,0.0,0.0662222331863009,FCPI,EM8,A,1.0,2.929666366095583,0.403508771929824
B11-M-144,0.0643593440898242,4.59951645345973,0.0,0.104957294280651,FCPI,EM8,A,1.0,1.3322005097706033,0.857142857142857
B11-M-145,0.0575428742451611,3.82845542242765,0.2,0.0724461997246983,FCPI,EM9,A,0.8,1.8845291479820638,0.695121951219512
B11-M-146,0.067522666685907,12.2010815486351,0.0,0.0654392486261701,FCPI,EM9,A,1.0,1.7404856832185571,0.724489795918367
B11-M-147,0.122872996334646,53.5988476768219,0.2,0.0855234044913069,FCPI,EM9,A,0.8,3.2483221476510042,0.420454545454546
B11-M-148,0.104143469548268,34.0955689869469,0.0,0.07944031467799,FCPI,EM9,A,1.0,2.8409199808337333,0.441558441558441
B11-M-149,0.0406119030990112,-1.57621143024579,0.25,0.0576344313824657,FCPI,EM9,A,0.75,2.9726516052318672,0.43
B11-M-150,0.0600801512488274,4.19981510862342,0.25,0.0617337477139066,FCPI,EM9,A,0.75,2.398002853067046,0.51219512195122
B11-M-151,0.0576893067609784,3.57788049691201,0.2,0.072737831600775,FCPI,EM10,A,0.8,1.8301578660860105,0.707317073170732
B11-M-152,0.0676887235239896,12.7212346570672,0.166666666666667,0.0655575970518046,FCPI,EM10,A,0.833333333333333,1.803101334294987,0.71
B11-M-153,0.124235289608492,55.5068387494018,0.2,0.0866418397624003,FCPI,EM10,A,0.8,3.036467236467237,0.452054794520548
B11-M-154,0.110721755618891,39.3163335795621,0.0,0.0818025198271562,FCPI,EM10,A,1.0,2.5628476084538376,0.46875
B11-M-155,0.0422878653730459,-0.796192249199974,0.25,0.053612673237079,FCPI,EM10,A,0.75,2.7675675675675677,0.46875
B11-M-156,0.0570099905421336,1.9640386829421,0.25,0.0615790137375139,FCPI,EM10,A,0.75,2.456892577224527,0.506849315068493
B11-M-157,0.0576893067609784,3.57788049691201,0.2,0.072737831600775,FCPI,EM11,A,0.8,1.8301578660860105,0.707317073170732
B11-M-158,0.0674370703776173,11.951089088195,0.0,0.065378244283059,FCPI,EM11,A,1.0,1.7085527510441256,0.731958762886598
B11-M-159,0.120333521749227,50.4668499209859,0.2,0.0846120829846678,FCPI,EM11,A,0.8,3.1051212938005377,0.447916666666667
B11-M-160,0.106208398986816,35.7454372015626,0.0,0.0801197967021009,FCPI,EM11,A,1.0,2.795483596080103,0.444444444444444
B11-M-161,0.0399402354219783,-1.74481408529104,0.25,0.0528774411684511,FCPI,EM11,A,0.75,2.8473804100227795,0.44
B11-M-162,0.0605159364356598,4.19656851928346,0.25,0.0619469500549506,FCPI,EM11,A,0.75,2.310521266389511,0.529411764705882
B11-M-163,0.177071579759967,206.235316059297,0.0,0.140932293929284,FCPI,EM12,A,1.0,2.204585537918871,0.64
B11-M-164,0.135430601879809,42.3849702166939,0.166666666666667,0.0972247411391418,FCPI,EM12,A,0.833333333333333,2.8119099491648494,0.556818181818182
B11-M-165,0.164404796223038,116.215681945575,0.0,0.1074987451204617,FCPI,EM12,A,1.0,3.3771964076532592,0.505376344086022
B11-M-166,0.0729300562916538,12.14671618189,0.2,0.0751828985980107,FCPI,EM12,A,0.8,3.8639876352395675,0.38
B11-M-167,0.114853998902708,84.3920622252651,0.25,0.0874055690934677,FCPI,EM12,A,0.75,1.608751608751609,0.78
B11-M-168,0.0551194306730338,3.92954508942588,0.0,0.0853609023670211,FCPI,EM12,A,1.0,3.6124284546197867,0.404255319148936
B11-M-169,0.240442168581515,400.015466390498,0.0,0.185563414482567,FCPI,EM13,A,1.0,2.952301255230125,0.511904761904762
B11-M-170,0.0615062833787403,9.00393333740072,0.166666666666667,0.0777254102497325,FCPI,EM13,A,0.833333333333333,3.092145949288806,0.4
B11-M-171,0.189865386853845,175.857704517481,0.4,0.1287579187562134,FCPI,EM13,A,0.6,2.686511627906974,0.565789473684211
B11-M-172,0.0601815343444538,6.09222047387066,0.2,0.0710965254157497,FCPI,EM13,A,0.8,3.2405395279130773,0.462365591397849
B11-M-173,0.109463189704504,70.7704500826535,0.0,0.0848186615532707,FCPI,EM13,A,1.0,1.6140105078809106,0.78125
B11-M-174,0.0357718282212362,-1.65537951668703,0.0,0.0746782942394369,FCPI,EM13,A,1.0,2.4725415070242653,0.556818181818182
B11-M-175,0.284601945939988,582.944161417576,0.2,0.220661439636307,FCPI,EM14,A,0.8,3.067605633802815,0.464646464646465
B11-M-176,0.0718511255071354,15.3187547442927,0.0,0.0912985757069531,FCPI,EM14,A,1.0,2.3441162681669008,0.52
B11-M-177,0.208588740803215,208.056923666112,0.0,0.1376363686041662,FCPI,EM14,A,1.0,3.846153846153846,0.38
B11-M-178,0.0675872974219025,8.42085399324793,0.0,0.0837278649350969,FCPI,EM14,A,1.0,3.1512125534950073,0.5
B11-M-179,0.0998899322449949,55.9614180143059,0.25,0.0851583277991407,FCPI,EM14,A,0.75,1.841620626151013,0.72
B11-M-180,0.0705369080120969,6.63806628235426,0.0,0.105914883797974,FCPI,EM14,A,1.0,3.303955586398335,0.492753623188406
B11-M-181,0.162590337421326,144.320222197413,1.0,0.1952886628617929,FCPI,EM15,A,0.0,1.0,1.0
B11-M-182,0.155076554739859,136.507721356008,1.0,0.1940385054865904,FCPI,EM15,A,0.0,1.0,1.0
B11-M-183,0.137529163477247,104.485333016649,1.0,0.1896581599065419,FCPI,EM15,A,0.0,1.0,1.0
B11-M-184,0.134491245310143,98.0073911284056,1.0,0.1888446542427055,FCPI,EM15,A,0.0,1.0,1.0
B11-M-185,0.146402973934733,117.004632812404,1.0,0.1910253197215691,FCPI,EM15,A,0.0,1.0,1.0
B11-M-186,0.162598476679464,152.332554426535,1.0,0.1960785941343628,FCPI,EM15,A,0.0,1.0,1.0
B11-M-187,0.0661925168915565,2.7671393147959,0.2,0.0749772689775908,FCPI,EM16,A,0.8,1.0,1.0
B11-M-188,0.0570574111315333,-2.45052575831041,0.166666666666667,0.0699601494329977,FCPI,EM16,A,0.833333333333333,1.0,1.0
B11-M-189,0.1832183893713157,159.8805187796738,0.0,0.12779172914664,FCPI,EM16,A,1.0,1.6,0.75
B11-M-190,0.0738244126674712,24.418779286737,0.4,0.0761486978409289,FCPI,EM16,A,0.6,1.0,1.0
B11-M-191,0.0337878229233949,-3.288254625376432,0.0,0.0655586123173068,FCPI,EM16,A,1.0,1.3243243243243241,0.8571428571428571
B11-M-192,0.3351346083488845,524.2218450568588,0.25,0.2586599571665551,FCPI,EM16,A,0.75,2.0,0.5
B11-M-193,0.1202582544059159,75.01163405843891,0.0,0.1189186087996753,FCPI,EM17,A,1.0,2.2727272727272725,0.6
B11-M-194,0.1482945436202169,102.7786717294386,0.0,0.1545056536948378,FCPI,EM17,A,1.0,1.942528735632184,0.6923076923076923
B11-M-195,0.0945605416584162,38.78159870180912,0.2,0.0830867158260143,FCPI,EM17,A,0.8,1.6,0.75
B11-M-196,0.0738037376588142,13.14347405693919,0.2,0.0730959865083486,FCPI,EM17,A,0.8,1.6,0.75
B11-M-197,0.1720446035157683,151.6399776827781,0.25,0.1863077622549193,FCPI,EM17,A,0.75,3.5217391304347827,0.3333333333333333
B11-M-198,0.1065266469821954,54.33434177897423,0.25,0.125567386938234,FCPI,EM17,A,0.75,1.6,0.75
B11-M-199,0.0661925168915565,2.767139314795896,0.2,0.0749772689775905,FCPI,EM18,A,0.8,1.0,1.0
B11-M-200,0.0570574111315333,-2.450525758310409,0.1666666666666666,0.0699601494329974,FCPI,EM18,A,0.8333333333333334,1.0,1.0
B11-M-201,0.0636817391040784,5.495859250555078,0.2,0.0690144137590422,FCPI,EM18,A,0.8,1.0,1.0
B11-M-202,1.791326953802177,15362.40436898904,0.4,1.2380054396486164,FCPI,EM18,A,0.6,1.0,1.0
B11-M-203,0.0931376959920571,43.71658631110029,0.25,0.081690938236277,FCPI,EM18,A,0.75,1.0,1.0
B11-M-204,0.1378233759805722,101.4906596265063,0.25,0.1068146507022685,FCPI,EM18,A,0.75,1.0,1.0
B11-M-205,0.2575564123654979,113.2795769446157,0.0,0.162103126440066,CCPI,EM2,A,1.0,1.582082324455206,0.7878787878787878
B11-M-206,0.2163946391629302,109.7945066312085,0.0,0.1408249078076458,CCPI,EM2,A,1.0,2.140105622864243,0.6506024096385542
B11-M-207,0.2402222773699496,140.2887332096567,0.0,0.1538118947284464,CCPI,EM2,A,1.0,1.8280792980175489,0.7066666666666667
B11-M-208,0.2704368480412638,203.9866679931469,0.0,0.1909952081643685,CCPI,EM2,A,1.0,3.6153846153846145,0.4574468085106383
B11-M-209,0.2467403531579543,186.8570097358249,0.0,0.1930224079190143,CCPI,EM2,A,1.0,3.3472073995019542,0.4948453608247423
B11-M-210,0.1427164457191158,70.24608341104668,0.0,0.120778642342675,CCPI,EM2,A,1.0,5.165998855180307,0.2631578947368421
B11-M-211,0.1567190950485764,33.20126595651004,0.0,0.1324118396611802,CCPI,EM3,A,1.0,1.9387755102040811,0.6947368421052632
B11-M-212,0.1595309964167755,60.19685370259123,0.0,0.1332246160063647,CCPI,EM3,A,1.0,2.381152231972528,0.5316455696202531
B11-M-213,0.2256253023670138,143.5724481531657,0.0,0.157052373146724,CCPI,EM3,A,1.0,2.1706720977596743,0.4931506849315068
B11-M-214,0.1566219066837769,90.1633070795724,0.0,0.1616297469251941,CCPI,EM3,A,1.0,2.977280550774526,0.5161290322580645
B11-M-215,0.2794329219914848,232.8750571542393,0.0,0.2376676191114269,CCPI,EM3,A,1.0,2.7862007699141236,0.5257731958762887
B11-M-216,0.1361610558366988,52.01415239882454,0.5,0.1123573910716952,CCPI,EM3,A,0.5,3.4940600978336813,0.43
B11-M-217,0.2575564123654979,113.2795769446157,0.0,0.162103126440066,CCPI,EM4,A,1.0,1.582082324455206,0.7878787878787878
B11-M-218,0.2148785508927937,108.1023950493599,0.0,0.1401481884724412,CCPI,EM4,A,1.0,2.2101379531600895,0.6385542168674699
B11-M-219,0.2398108612901314,139.6578175041214,0.0,0.1535110752279944,CCPI,EM4,A,1.0,1.8425302826379544,0.7027027027027027
B11-M-220,0.2737383835927999,206.0523580558055,0.0,0.1920439156409648,CCPI,EM4,A,1.0,4.480730223123731,0.351063829787234
B11-M-221,0.1646499516926037,104.7754515383638,0.5,0.162863284298404,CCPI,EM4,A,0.5,3.260377358490565,0.4861111111111111
B11-M-222,0.1186180399291134,43.5945137475389,0.5,0.1092824136956144,CCPI,EM4,A,0.5,4.908888888888889,0.2872340425531915
B11-M-223,0.2575564123654979,113.2795769446157,0.0,0.162103126440066,CCPI,EM5,A,1.0,1.582082324455206,0.7878787878787878
B11-M-224,0.2152304960679363,108.2727868942707,0.0,0.1402396124507656,CCPI,EM5,A,1.0,2.2623973727421993,0.6265060240963856
B11-M-225,0.2420375194032246,142.4409986887154,0.0,0.1546715848433809,CCPI,EM5,A,1.0,1.8266384778012674,0.7083333333333334
B11-M-226,0.2601564484299604,190.9100390266725,0.0,0.1878229242668799,CCPI,EM5,A,1.0,4.440869959220661,0.303030303030303
B11-M-227,0.2095323183662774,139.9423892151656,0.0,0.178468358380349,CCPI,EM5,A,1.0,3.6053333333333324,0.4038461538461539
B11-M-228,0.1595543494208674,83.52531019752617,0.0,0.132847960980396,CCPI,EM5,A,1.0,5.357081545064375,0.2278481012658228
B11-M-229,0.2575564123654979,113.2795769446157,0.0,0.162103126440066,CCPI,EM6,A,1.0,1.582082324455206,0.7878787878787878
B11-M-230,0.2148785508927937,108.1023950493599,0.0,0.1401481884724412,CCPI,EM6,A,1.0,2.2101379531600895,0.6385542168674699
B11-M-231,0.2448036642616504,145.3877717101919,0.0,0.1560466470685753,CCPI,EM6,A,1.0,1.8266384778012674,0.7083333333333334
B11-M-232,0.269468261677435,200.9820513800897,0.0,0.1929317349203398,CCPI,EM6,A,1.0,3.739715781600598,0.45
B11-M-233,0.278490553719842,230.9829978097515,0.0,0.2009113319735776,CCPI,EM6,A,1.0,3.045876037091262,0.518987341772152
B11-M-234,0.1427164457191158,70.24608341104668,0.0,0.120778642342675,CCPI,EM6,A,1.0,5.165998855180307,0.2631578947368421
B11-M-235,0.1567190950485764,33.20126595651004,0.0,0.1324118396611802,CCPI,EM7,A,1.0,1.9387755102040811,0.6947368421052632
B11-M-236,0.1708688105464634,67.86699648414861,0.0,0.139679958019257,CCPI,EM7,A,1.0,2.464268112370626,0.5
B11-M-237,0.2260390369250166,143.9513421276906,0.0,0.1573036433234206,CCPI,EM7,A,1.0,2.1756581786793263,0.4929577464788732
B11-M-238,0.1569692411072963,89.3456938873203,0.0,0.1609138592684952,CCPI,EM7,A,1.0,2.984144144144142,0.5054945054945055
B11-M-239,0.2773485219662941,230.0809511271214,0.0,0.2361653499765975,CCPI,EM7,A,1.0,2.839739798935539,0.5204081632653061
B11-M-240,0.1356551505831778,51.70371812081839,0.5,0.1121778870308449,CCPI,EM7,A,0.5,3.5893754486719294,0.42
B11-M-241,0.2548130514841501,110.1911043751283,0.0,0.1606705738241784,CCPI,EM8,A,1.0,1.6620315414617597,0.7676767676767677
B11-M-242,0.2163946391629302,109.7945066312085,0.0,0.1408249078076458,CCPI,EM8,A,1.0,2.140105622864243,0.6506024096385542
B11-M-243,0.2398108612901314,139.6578175041214,0.0,0.1535110752279944,CCPI,EM8,A,1.0,1.8425302826379544,0.7027027027027027
B11-M-244,0.2704368480412638,203.9866679931469,0.0,0.1909952081643685,CCPI,EM8,A,1.0,3.6153846153846145,0.4574468085106383
B11-M-245,0.2533785151043223,197.1547248235988,0.0,0.1913024158554126,CCPI,EM8,A,1.0,2.914611005692598,0.5416666666666667
B11-M-246,0.1427164457191158,70.24608341104668,0.0,0.120778642342675,CCPI,EM8,A,1.0,5.165998855180307,0.2631578947368421
B11-M-247,0.1413401864804742,26.79531716127562,0.0,0.1178441955792585,CCPI,EM9,A,1.0,1.2497343251859723,0.8928571428571429
B11-M-248,0.1577320831962755,57.7516712264495,0.0,0.1157246365189642,CCPI,EM9,A,1.0,1.1882817643186305,0.9157894736842104
B11-M-249,0.233163164079084,142.9173138131212,0.0,0.1688632737563202,CCPI,EM9,A,1.0,1.1784049079754597,0.9183673469387756
B11-M-250,0.1778554539875427,110.8026781539265,0.0,0.135868885831906,CCPI,EM9,A,1.0,1.4539110206455368,0.82
B11-M-251,0.1926587793778335,129.8229029570056,0.0,0.1457049880192296,CCPI,EM9,A,1.0,1.7542694497153692,0.7325581395348838
B11-M-252,0.1904313102330345,138.7206203291745,0.0,0.1515742153689835,CCPI,EM9,A,1.0,3.14350400557297,0.4421052631578947
B11-M-253,0.1413401864804742,26.79531716127562,0.0,0.1178441955792585,CCPI,EM10,A,1.0,1.2497343251859723,0.8928571428571429
B11-M-254,0.1579086305271293,57.83134222945952,0.0,0.1159010301867728,CCPI,EM10,A,1.0,1.1928009929664871,0.913978494623656
B11-M-255,0.2335420234952646,143.3676839590428,0.0,0.1691785148336873,CCPI,EM10,A,1.0,1.1764494058336332,0.9191919191919192
B11-M-256,0.1742311500020194,106.955426042038,0.0,0.1343495762390988,CCPI,EM10,A,1.0,1.4950930626057521,0.8085106382978723
B11-M-257,0.1940960412712823,132.1242827866207,0.0,0.1467014675392616,CCPI,EM10,A,1.0,1.74280451300944,0.735632183908046
B11-M-258,0.1890948361640513,137.0340746349411,0.0,0.1507813947100658,CCPI,EM10,A,1.0,3.1400142146410803,0.4468085106382979
B11-M-259,0.1413401864804742,26.79531716127562,0.0,0.1178441955792585,CCPI,EM11,A,1.0,1.2497343251859723,0.8928571428571429
B11-M-260,0.1575628516547915,57.67546592931406,0.0,0.1155555323978814,CCPI,EM11,A,1.0,1.1839687932553165,0.9175257731958764
B11-M-261,0.233163164079084,142.9173138131212,0.0,0.1688632737563202,CCPI,EM11,A,1.0,1.1784049079754597,0.9183673469387756
B11-M-262,0.1751397063688569,108.2224205064372,0.0,0.1334066180563027,CCPI,EM11,A,1.0,1.4768773865082718,0.8135593220338985
B11-M-263,0.1813689262850503,123.3298357530812,0.0,0.1406799301494108,CCPI,EM11,A,1.0,1.6436011904761902,0.7659574468085106
B11-M-264,0.1904313102330345,138.7206203291745,0.0,0.1515742153689835,CCPI,EM11,A,1.0,3.14350400557297,0.4421052631578947
B11-M-265,0.0795488377966618,4.165973465720247,0.0,0.0886619553107592,CCPI,EM12,A,1.0,1.5642978003384087,0.7906976744186046
B11-M-266,0.1267661356293483,41.18843591149787,0.0,0.1091887886135847,CCPI,EM12,A,1.0,2.0124966764158465,0.6206896551724139
B11-M-267,0.204443136321467,123.1911481791703,0.0,0.143342315972593,CCPI,EM12,A,1.0,2.4050024050024046,0.47
B11-M-268,0.1173638419995637,61.39577498810324,0.0,0.1079057829676381,CCPI,EM12,A,1.0,1.9065856129685912,0.6907216494845361
B11-M-269,0.1641876528433893,113.3490045576149,0.0,0.156691398903474,CCPI,EM12,A,1.0,5.284504657070277,0.2784810126582278
B11-M-270,0.1279299642668959,53.19352735338359,0.0,0.1125522698167067,CCPI,EM12,A,1.0,4.835224469659595,0.3333333333333333
B11-M-271,0.1313625289412517,24.16427079198533,0.0,0.1120034283320488,CCPI,EM13,A,1.0,1.8867054341287344,0.6907216494845361
B11-M-272,0.1473354769303269,51.06214426260389,0.0,0.1225097648124911,CCPI,EM13,A,1.0,2.7836089144500353,0.4659090909090909
B11-M-273,0.2148687925199054,133.9641234567977,0.0,0.1516959809258455,CCPI,EM13,A,1.0,2.0270941054808684,0.5353535353535354
B11-M-274,0.1117453239431678,55.99078690262031,0.0,0.1045696026887335,CCPI,EM13,A,1.0,2.0145044319097503,0.64
B11-M-275,0.1845995598769271,125.0991869081977,0.0,0.16159485607598,CCPI,EM13,A,1.0,4.3213367609254485,0.4146341463414634
B11-M-276,0.0859467609579956,7.995869976003018,0.5,0.1040567669300485,CCPI,EM13,A,0.5,5.710037174721189,0.2291666666666667
B11-M-277,0.1613089604843105,35.18765906383033,0.0,0.1342939576605794,CCPI,EM14,A,1.0,1.833622183708839,0.717391304347826
B11-M-278,0.1572788898630436,58.87426924006221,0.0,0.1311531330036993,CCPI,EM14,A,1.0,2.3055132500761495,0.5287356321839081
B11-M-279,0.2229854114688988,141.1704037796737,0.0,0.1554493547374864,CCPI,EM14,A,1.0,2.139076424520658,0.4943820224719101
B11-M-280,0.1320864844422782,74.26568946164045,0.0,0.1484646684389187,CCPI,EM14,A,1.0,2.8245182451824506,0.5301204819277109
B11-M-281,0.2596502026298615,208.0365134742563,0.0,0.2212856487474369,CCPI,EM14,A,1.0,2.844141069397042,0.53
B11-M-282,0.0982317978714068,25.77604202858124,0.5,0.1008423373002906,CCPI,EM14,A,0.5,4.893160259610583,0.3131313131313131
B11-M-283,0.1146347374753689,24.5730721685206,1.0,0.2335387175069284,CCPI,EM15,A,0.0,1.0,1.0
B11-M-284,0.1351825209358964,49.97388717811609,1.0,0.2373149220034992,CCPI,EM15,A,0.0,1.0,1.0
B11-M-285,0.1651386995335043,80.61229628289108,1.0,0.2445648045771207,CCPI,EM15,A,0.0,1.0,1.0
B11-M-286,0.2037005560627362,127.5902997947647,1.0,0.2544351079524165,CCPI,EM15,A,0.0,1.0,1.0
B11-M-287,0.2469388036159585,184.5400149749785,1.0,0.2665572091059706,CCPI,EM15,A,0.0,1.0,1.0
B11-M-288,0.2899607852172086,249.0334333529335,1.0,0.2802682756927642,CCPI,EM15,A,0.0,1.0,1.0
B11-M-289,0.0627896956214202,1.683558999929776,0.0,0.0881419912665742,CCPI,EM16,A,1.0,1.6,0.75
B11-M-290,0.1351825209358964,49.97388717811609,1.0,0.2373149220034992,CCPI,EM16,A,0.0,1.0,1.0
B11-M-291,0.1036462875259887,35.26047800503927,0.0,0.2115271816668646,CCPI,EM16,A,1.0,1.4705882352941173,0.8
B11-M-292,0.2037005560627362,127.5902997947647,1.0,0.2544351079524165,CCPI,EM16,A,0.0,1.0,1.0
B11-M-293,0.2469388036159585,184.5400149749785,1.0,0.2665572091059706,CCPI,EM16,A,0.0,1.0,1.0
B11-M-294,0.1954048458178182,122.6329374757006,0.0,0.1466637449053072,CCPI,EM16,A,1.0,2.0,0.5
B11-M-295,0.4436837564290287,492.2511154492561,0.0,0.357094565894102,CCPI,EM17,A,1.0,1.0,1.0
B11-M-296,0.2732213177397698,179.4506753950356,0.0,0.2133516449606291,CCPI,EM17,A,1.0,1.0,1.0
B11-M-297,0.2037327139714414,38.29481806350822,0.5,0.151064858268094,CCPI,EM17,A,0.5,3.0,0.3333333333333333
B11-M-298,2.04247085837582,9358.56386062394,0.0,1.7954870926013853,CCPI,EM17,A,1.0,2.0,0.5
B11-M-299,0.26316704616498,228.4570404401744,0.0,0.200007610453539,CCPI,EM17,A,1.0,1.0,1.0
B11-M-300,0.1691979313124995,79.83163808186909,0.0,0.1486812447298608,CCPI,EM17,A,1.0,2.0,0.5
B11-M-301,0.2031088569363659,76.38276294229887,0.0,0.1466105395825385,CCPI,EM18,A,1.0,1.0,1.0
B11-M-302,2.345390857226591,12210.49556864394,0.0,1.6485716144839735,CCPI,EM18,A,1.0,1.0,1.0
B11-M-303,0.3728804461280243,254.5801017747218,0.0,0.3093932420905289,CCPI,EM18,A,1.0,1.0,1.0
B11-M-304,0.3358328757121696,193.1615899863604,0.0,0.3043290316178985,CCPI,EM18,A,1.0,1.0,1.0
B11-M-305,0.2850609841438249,154.52536563127,0.0,0.298448914595302,CCPI,EM18,A,1.0,1.0,1.0
B11-M-306,0.2384306626965574,143.6725238628543,0.0,0.1932724779700509,CCPI,EM18,A,1.0,1.0,1.0
B21-M-001,0.1737801898457824,24.96333761280759,0.3333333333333334,0.1292701770848508,HCPI,EM12,B,0.6666666666666665,1.9926806953339429,0.6818181818181818
B21-M-002,0.0998856943786465,1.128041839643528,0.0,0.0906293770302173,HCPI,EM12,B,1.0,4.2631578947368425,0.3333333333333333
B21-M-003,0.1640079021318746,20.75851576409032,0.0,0.1147365721846933,HCPI,EM12,B,1.0,4.509383378016085,0.2758620689655172
B21-M-004,0.1650893175853746,30.80476867100167,0.0,0.1183109484271698,HCPI,EM12,B,1.0,1.6223231667748217,0.77
B21-M-005,0.0784063593949156,5.765553521415049,0.6666666666666667,0.0774560761851317,HCPI,EM12,B,0.33333333333333326,2.3331020124913255,0.573170731707317
B21-M-006,0.134505646395565,22.29701049726297,0.0,0.1008520860832349,HCPI,EM12,B,1.0,2.4048852701702437,0.5087719298245614
B21-M-007,0.0581977173084095,4.448579356121039,0.0,0.08461226299486,HCPI,EM12,B,1.0,2.09819555182543,0.66
B21-M-008,0.0227627315167389,-6.954833814753756,0.0,0.0683545168310626,HCPI,EM12,B,1.0,2.8444444444444446,0.4375
B21-M-009,0.0797195301855551,4.181585461990075,0.0,0.0700815782516745,HCPI,EM12,B,1.0,2.3393602225312935,0.5344827586206896
B21-M-010,0.050788786668403,2.258947212663071,0.2,0.0677686220128021,HCPI,EM12,B,0.8,1.0,1.0
B21-M-011,0.1256286455731614,9.132601609714545,0.0,0.1470071522231311,HCPI,EM12,B,1.0,2.455782312925171,0.5263157894736842
B21-M-012,0.1804675334735968,27.95395835248677,0.3333333333333334,0.1369209313663641,HCPI,EM11,B,0.6666666666666665,2.5128205128205123,0.5918367346938775
B21-M-013,0.1723063710921507,22.64805429581885,0.0,0.1185539667725795,HCPI,EM11,B,1.0,3.0516556291390713,0.3958333333333333
B21-M-014,0.1838099877024308,29.34593837248245,0.0,0.1233793441588332,HCPI,EM11,B,1.0,2.642817831590533,0.5510204081632654
B21-M-015,0.1723999802997034,35.84820553581012,0.0,0.1145543360405123,HCPI,EM11,B,1.0,2.1920210434020166,0.57
B21-M-016,0.0664187367756029,2.238393339035611,0.6666666666666667,0.0653607283749292,HCPI,EM11,B,0.33333333333333326,2.8296547821165814,0.46
B21-M-017,0.0772614561335066,3.193357785605032,0.0,0.0728797307266915,HCPI,EM11,B,1.0,1.5420151334129826,0.7954545454545455
B21-M-018,0.0285907532207117,-4.970975845753038,0.0,0.0623929368383604,HCPI,EM11,B,1.0,1.3672409078479626,0.85
B21-M-019,0.1118720984030011,5.196032266344442,0.0,0.0837583291473223,HCPI,EM11,B,1.0,1.3024225058609011,0.87
B21-M-020,0.0762644501326396,2.690104454362891,0.0,0.0714217390800991,HCPI,EM11,B,1.0,1.1107692307692307,0.9473684210526316
B21-M-021,0.0872989777636775,11.79397593915228,0.2,0.0927467851576593,HCPI,EM11,B,0.8,1.1299435028248588,0.94
B21-M-022,0.123964155843593,13.08633757525011,0.0,0.1232220079250215,HCPI,EM11,B,1.0,1.8957757599684164,0.6938775510204082
B21-M-023,0.234162238936513,65.75591459269492,0.3333333333333334,0.1573386403597013,HCPI,EM13,B,0.6666666666666665,1.0867924528301884,0.9583333333333334
B21-M-024,0.1412123836876532,10.43046581066105,0.0,0.1074820769025567,HCPI,EM13,B,1.0,3.1407035175879394,0.45
B21-M-025,0.1585106108962452,15.33642473563412,0.0,0.1163531010871541,HCPI,EM13,B,1.0,2.7741296348712137,0.4747474747474748
B21-M-026,0.1504223251463767,22.3542200473278,0.0,0.1116369447685612,HCPI,EM13,B,1.0,2.305209774089442,0.62
B21-M-027,0.0481416398581533,-2.050587140173656,0.0,0.0716636540578195,HCPI,EM13,B,1.0,3.0424155283968357,0.3804347826086957
B21-M-028,0.1222394143429058,21.27571624297975,0.0,0.1016414583566304,HCPI,EM13,B,1.0,2.0075901328273247,0.6739130434782609
B21-M-029,0.0926172924282937,13.18684674087462,0.0,0.0954201882244582,HCPI,EM13,B,1.0,2.2696323195642307,0.62
B21-M-030,0.0297191123946366,-5.765965547703769,0.0,0.0714611553877874,HCPI,EM13,B,1.0,2.469026548672566,0.4623655913978494
B21-M-031,0.0730512716015677,2.646550745475028,0.0,0.0698167553628086,HCPI,EM13,B,1.0,2.607627853221612,0.4842105263157895
B21-M-032,0.0375840621570777,-2.321828895332176,0.2,0.0651391653384407,HCPI,EM13,B,0.8,1.0622477161674104,0.97
B21-M-033,0.1223426510609053,8.56564394923401,0.0,0.1439067974449497,HCPI,EM13,B,1.0,2.2351197263397946,0.5151515151515151
B21-M-034,0.0593107011745157,3.889120736307323,0.0,0.0806379020865826,FCPI,EM11,B,1.0,2.6378240233661914,0.5058823529411764
B21-M-035,0.0925248628785312,28.55334503863752,0.0,0.0910871295796203,FCPI,EM11,B,1.0,2.196056464261707,0.5959595959595959
B21-M-036,0.0820234747938623,19.9782721467394,0.0,0.0733200375621169,FCPI,EM11,B,1.0,1.7875250775123106,0.7272727272727273
B21-M-037,0.1000299077374492,31.59915681043842,0.0,0.0946962581926528,FCPI,EM11,B,1.0,1.1523392486748099,0.93
B21-M-038,0.1096874688647692,52.63260076769672,0.0,0.0943869128852164,FCPI,EM11,B,1.0,1.3792025019546517,0.8452380952380952
B21-M-039,0.0591745217048305,16.99013632791713,0.0,0.0739040722045883,FCPI,EM11,B,1.0,1.4736168851934757,0.8125
B21-M-040,0.0476209555628083,10.37188281917073,0.0,0.0681494076440734,FCPI,EM11,B,1.0,1.7070672584499833,0.75
B21-M-041,0.0821708437143415,17.73386754718786,0.0,0.0778113920124351,FCPI,EM11,B,1.0,1.4479799785484446,0.8222222222222223
B21-M-042,0.1072809394526937,44.35539958296512,0.0,0.0916490516958669,FCPI,EM11,B,1.0,1.2019230769230769,0.91
B21-M-043,0.1474980366049174,67.51595437984135,0.2,0.1288425389362703,FCPI,EM11,B,0.8,1.5239256324291373,0.8
B21-M-044,0.0917874801932078,13.95330588143913,0.2,0.1048068139080143,FCPI,EM11,B,0.8,1.6733601070950468,0.75
B21-M-045,0.0540178078414375,4.288630602878145,0.0,0.0741011274044799,FCPI,EM4,B,1.0,1.5944195316392622,0.775
B21-M-046,0.1106242068639594,48.28616942143252,0.0,0.1015649488739104,FCPI,EM4,B,1.0,1.9025875190258754,0.64
B21-M-047,0.0765943542515723,16.62853184248976,0.0,0.0758952665430818,FCPI,EM4,B,1.0,2.121303258145364,0.6413043478260869
B21-M-048,0.0755257978589119,10.96408941851513,0.0,0.0761959453847314,FCPI,EM4,B,1.0,2.143869596031182,0.509090909090909
B21-M-049,0.1021360742750233,59.78357743422817,0.0,0.0982845520242746,FCPI,EM4,B,1.0,1.8990505715946522,0.7070707070707071
B21-M-050,0.0821775646429396,38.52624503522206,0.0,0.0937728486063854,FCPI,EM4,B,1.0,1.6485328058028357,0.76
B21-M-051,0.1842970318290399,49.21446320468818,0.0,0.1329985337544676,FCPI,EM4,B,1.0,3.3745607870695706,0.4489795918367347
B21-M-052,0.1657394383023881,84.75479944632174,0.0,0.1167513059416244,FCPI,EM4,B,1.0,3.4483627204030203,0.4324324324324325
B21-M-053,0.1681524180398188,89.77983002514962,0.0,0.115180215918114,FCPI,EM4,B,1.0,1.7351373513735127,0.75
B21-M-054,0.2129851181646632,161.1761832903113,0.2,0.1388865295298324,FCPI,EM4,B,0.8,1.4961074645092347,0.8080808080808081
B21-M-055,0.1389416848459822,87.78338824069291,0.0,0.1612459488023703,FCPI,EM4,B,1.0,2.42726679712981,0.5245901639344263
B21-M-056,0.0539617550425847,4.274386262103066,0.0,0.0742241939304173,FCPI,EM2,B,1.0,1.6114541196508407,0.7701149425287356
B21-M-057,0.1106242068639594,48.28616942143252,0.0,0.1015649488739104,FCPI,EM2,B,1.0,1.9025875190258754,0.64
B21-M-058,0.0754380347687678,16.39814124942953,0.0,0.0766718367110852,FCPI,EM2,B,1.0,2.1048118151500717,0.648936170212766
B21-M-059,0.0845605989980072,24.74286390775059,0.0,0.0895336982489575,FCPI,EM2,B,1.0,1.9566878980891718,0.6458333333333334
B21-M-060,0.1019009973837078,59.67096741668826,0.0,0.0980330604729151,FCPI,EM2,B,1.0,1.9163498098859315,0.7023809523809524
B21-M-061,0.0810991894727947,37.53908543691425,0.0,0.0935248825241709,FCPI,EM2,B,1.0,1.631668365613319,0.7653061224489796
B21-M-062,0.1385224013959749,26.49301046259337,0.0,0.1013428853690955,FCPI,EM2,B,1.0,3.66138613861386,0.3604651162790697
B21-M-063,0.167666723366456,87.09286222658275,0.0,0.1181758336232999,FCPI,EM2,B,1.0,3.2525019245573508,0.4615384615384616
B21-M-064,0.1724911206126943,92.32104185420036,0.0,0.1177643620409204,FCPI,EM2,B,1.0,2.045217391304347,0.6785714285714286
B21-M-065,0.2129851181646632,161.1761832903113,0.2,0.1388865295298324,FCPI,EM2,B,0.8,1.4961074645092347,0.8080808080808081
B21-M-066,0.1389416848459822,87.78338824069291,0.0,0.1612459488023703,FCPI,EM2,B,1.0,2.42726679712981,0.5245901639344263
B21-M-067,0.2116881258590191,45.27649818079391,0.2,0.1463965178297573,CCPI,EM12,B,0.8,1.4015065913370994,0.8360655737704918
B21-M-068,0.2341321564952047,66.29049650846707,0.0,0.1543038488114098,CCPI,EM12,B,1.0,3.617363344051447,0.4133333333333333
B21-M-069,0.2034174418780421,31.84974477867346,0.0,0.1345030010300557,CCPI,EM12,B,1.0,2.90332326283988,0.5161290322580645
B21-M-070,0.2704047557872934,98.72938229523888,0.0,0.1731462206081962,CCPI,EM12,B,1.0,2.8425196850393704,0.5087719298245615
B21-M-071,0.08612622762253,1.46595246496211,0.0,0.0829135246841674,CCPI,EM12,B,1.0,3.568281938325991,0.3666666666666666
B21-M-072,0.0278148204140138,-6.169573376098928,0.3333333333333334,0.0826270735027898,CCPI,EM12,B,0.6666666666666665,2.0988177559669854,0.5876288659793815
B21-M-073,0.0545520813338178,-2.941527382256792,0.0,0.0771806831993929,CCPI,EM12,B,1.0,2.6092452148790177,0.4705882352941176
B21-M-074,0.1279766442143374,9.118996700313136,0.0,0.0955098015613079,CCPI,EM12,B,1.0,1.5795326349717969,0.7777777777777778
B21-M-075,0.0488628031380348,-2.964275798958206,0.0,0.0706154923949691,CCPI,EM12,B,1.0,2.7398558968524838,0.4117647058823529
B21-M-076,0.0464394015009606,-6.365191268970968,1.0,0.0697381843858103,CCPI,EM12,B,0.0,2.018495166036149,0.6224489795918368
B21-M-077,0.1609725008053937,28.32479397707477,0.0,0.1539248438527397,CCPI,EM12,B,1.0,2.0580616346583294,0.6145833333333334
B21-M-078,0.1516469714329225,23.1209558796981,0.2,0.1104564288543333,CCPI,EM13,B,0.8,3.389048991354467,0.4523809523809524
B21-M-079,0.154539729746346,12.78273699480614,0.0,0.1149697227590844,CCPI,EM13,B,1.0,2.46566037735849,0.4545454545454545
B21-M-080,0.2204746073516386,38.10578740183387,0.0,0.1489720870858596,CCPI,EM13,B,1.0,2.11506913522381,0.6421052631578947
B21-M-081,0.2722405641078148,97.72180509931994,0.0,0.1772598605528956,CCPI,EM13,B,1.0,2.4937655860349124,0.54
B21-M-082,0.0551053080892445,-3.827566680114178,0.0,0.0761274872553672,CCPI,EM13,B,1.0,3.6603221083455346,0.37
B21-M-083,0.0450345508078126,-3.906376260382528,0.3333333333333334,0.0880543083935599,CCPI,EM13,B,0.6666666666666665,1.8518518518518516,0.71
B21-M-084,0.0420603255549689,-3.288989165859134,0.0,0.0791772370181241,CCPI,EM13,B,1.0,2.3573785950023574,0.6
B21-M-085,0.1271023210343446,8.913483153465679,0.0,0.0952793598529176,CCPI,EM13,B,1.0,1.6165535079211122,0.76
B21-M-086,0.0462946507967714,-3.61687215518936,0.0,0.0693955045201025,CCPI,EM13,B,1.0,2.5733401955738544,0.53
B21-M-087,0.04851519253597,-6.03551494868625,1.0,0.0700455956508185,CCPI,EM13,B,0.0,1.8865010073875084,0.6226415094339622
B21-M-088,0.1086660120716553,9.657291604546693,0.0,0.1129626529997073,CCPI,EM13,B,1.0,1.6256006989951939,0.7540983606557377
B21-M-089,0.1494578486657621,21.65135036720802,0.0,0.1126876220282565,CCPI,EM14,B,1.0,2.059466274427401,0.6565656565656566
B21-M-090,0.1560921293458302,14.41259824693827,0.0,0.1132538730195542,CCPI,EM14,B,1.0,2.7352297592997807,0.45
B21-M-091,0.2355103253379701,47.85487125090444,0.0,0.157814689005961,CCPI,EM14,B,1.0,2.245583478477233,0.6
B21-M-092,0.2596237834044677,85.65813896318704,0.0,0.1677733438682104,CCPI,EM14,B,1.0,2.7129679869777537,0.48
B21-M-093,0.074068476649077,-0.5993711125370838,0.3333333333333334,0.0779673907021203,CCPI,EM14,B,0.6666666666666665,3.4281217208814274,0.4141414141414141
B21-M-094,0.0606849970414918,-2.066668057458553,0.3333333333333334,0.0906535528144054,CCPI,EM14,B,0.6666666666666665,2.379819133745835,0.5
B21-M-095,0.0651944574581343,1.390354430431394,0.0,0.0877440535447241,CCPI,EM14,B,1.0,2.886836027713626,0.5
B21-M-096,0.126700673733174,8.732521513929589,0.0,0.0950767442303809,CCPI,EM14,B,1.0,1.665001665001665,0.75
B21-M-097,0.0487285924457554,-2.953368055297839,0.0,0.0689274460843787,CCPI,EM14,B,1.0,2.1009723261032165,0.6415094339622641
B21-M-098,0.0652252190074288,4.777541605650003,0.0,0.081080747947533,CCPI,EM14,B,1.0,1.1059500110595002,0.95
B21-M-099,0.1444337487869076,22.4009279243758,0.0,0.136951028791807,CCPI,EM14,B,1.0,1.7724211272598371,0.71
