date,frequency,index,value,unit,yoy_pct,source,derivation,flag
2012-09-01,monthly,CCPI,76.2401,index_level,,dcs,published,CHAIN_LINKED_200607_BASE;NO_YOY_SOURCE_LAG
2012-10-01,monthly,CCPI,76.0097,index_level,,dcs,published,CHAIN_LINKED_200607_BASE;NO_YOY_SOURCE_LAG
2012-11-01,monthly,CCPI,76.9771,index_level,,dcs,published,CHAIN_LINKED_200607_BASE;NO_YOY_SOURCE_LAG
2012-12-01,monthly,CCPI,77.6681,index_level,,dcs,published,CHAIN_LINKED_200607_BASE;NO_YOY_SOURCE_LAG
2013-01-01,monthly,CCPI,78.313,index_level,,dcs,published,CHAIN_LINKED_200607_BASE;NO_YOY_SOURCE_LAG
2013-02-01,monthly,CCPI,78.6355,index_level,,dcs,published,CHAIN_LINKED_200607_BASE;NO_YOY_SOURCE_LAG
2013-03-01,monthly,CCPI,78.6816,index_level,,dcs,published,CHAIN_LINKED_200607_BASE;NO_YOY_SOURCE_LAG
2013-04-01,monthly,CCPI,78.313,index_level,,dcs,published,CHAIN_LINKED_200607_BASE;NO_YOY_SOURCE_LAG
2013-05-01,monthly,CCPI,80.1096,index_level,,dcs,published,CHAIN_LINKED_200607_BASE;NO_YOY_SOURCE_LAG
2013-06-01,monthly,CCPI,81.3074,index_level,,dcs,published,CHAIN_LINKED_200607_BASE;NO_YOY_SOURCE_LAG
2013-07-01,monthly,CCPI,81.4456,index_level,,dcs,published,CHAIN_LINKED_200607_BASE;NO_YOY_SOURCE_LAG
2013-08-01,monthly,CCPI,81.1692,index_level,,dcs,published,CHAIN_LINKED_200607_BASE;NO_YOY_SOURCE_LAG
2013-09-01,monthly,CCPI,80.9849,index_level,6.2235,dcs,published,CHAIN_LINKED_200607_BASE
2013-10-01,monthly,CCPI,81.1231,index_level,6.7273,dcs,published,CHAIN_LINKED_200607_BASE
2013-11-01,monthly,CCPI,81.3074,index_level,5.6254,dcs,published,CHAIN_LINKED_200607_BASE
2013-12-01,monthly,CCPI,81.3074,index_level,4.6857,dcs,published,CHAIN_LINKED_200607_BASE;REPEATED_VALUE
2014-01-01,monthly,CCPI,81.7681,index_level,4.4119,dcs,published,CHAIN_LINKED_2013_BASE
2014-02-01,monthly,CCPI,81.7681,index_level,3.9837,dcs,published,CHAIN_LINKED_2013_BASE;REPEATED_VALUE
2014-03-01,monthly,CCPI,81.7681,index_level,3.9228,dcs,published,CHAIN_LINKED_2013_BASE;REPEATED_VALUE
2014-04-01,monthly,CCPI,81.925,index_level,4.6123,dcs,published,CHAIN_LINKED_2013_BASE
2014-05-01,monthly,CCPI,82.2389,index_level,2.658,dcs,published,CHAIN_LINKED_2013_BASE
2014-06-01,monthly,CCPI,82.9451,index_level,2.0142,dcs,published,CHAIN_LINKED_2013_BASE
2014-07-01,monthly,CCPI,83.5729,index_level,2.6119,dcs,published,CHAIN_LINKED_2013_BASE
2014-08-01,monthly,CCPI,83.416,index_level,2.768,dcs,published,CHAIN_LINKED_2013_BASE
2014-09-01,monthly,CCPI,83.259,index_level,2.8081,dcs,published,CHAIN_LINKED_2013_BASE
2014-10-01,monthly,CCPI,82.1604,index_level,1.2787,dcs,published,CHAIN_LINKED_2013_BASE
2014-11-01,monthly,CCPI,82.0819,index_level,0.9526,dcs,published,CHAIN_LINKED_2013_BASE
2014-12-01,monthly,CCPI,82.3958,index_level,1.3386,dcs,published,CHAIN_LINKED_2013_BASE
2015-01-01,monthly,CCPI,84.9069,index_level,3.8387,dcs,published,CHAIN_LINKED_2013_BASE
2015-02-01,monthly,CCPI,83.3375,index_level,1.9193,dcs,published,CHAIN_LINKED_2013_BASE
2015-03-01,monthly,CCPI,83.0236,index_level,1.5354,dcs,published,CHAIN_LINKED_2013_BASE
2015-04-01,monthly,CCPI,83.1021,index_level,1.4368,dcs,published,CHAIN_LINKED_2013_BASE
2015-05-01,monthly,CCPI,83.4944,index_level,1.5266,dcs,published,CHAIN_LINKED_2013_BASE
2015-06-01,monthly,CCPI,84.2007,index_level,1.5138,dcs,published,CHAIN_LINKED_2013_BASE
2015-07-01,monthly,CCPI,84.5146,index_level,1.1268,dcs,published,CHAIN_LINKED_2013_BASE
2015-08-01,monthly,CCPI,84.2792,index_level,1.0348,dcs,published,CHAIN_LINKED_2013_BASE
2015-09-01,monthly,CCPI,84.2007,index_level,1.131,dcs,published,CHAIN_LINKED_2013_BASE
2015-10-01,monthly,CCPI,84.5146,index_level,2.8654,dcs,published,CHAIN_LINKED_2013_BASE
2015-11-01,monthly,CCPI,85.6917,index_level,4.3978,dcs,published,CHAIN_LINKED_2013_BASE
2015-12-01,monthly,CCPI,86.1625,index_level,4.5715,dcs,published,CHAIN_LINKED_2013_BASE
2016-01-01,monthly,CCPI,86.3194,index_level,1.6636,dcs,published,CHAIN_LINKED_2013_BASE
2016-02-01,monthly,CCPI,85.7701,index_level,2.919,dcs,published,CHAIN_LINKED_2013_BASE
2016-03-01,monthly,CCPI,85.2208,index_level,2.6465,dcs,published,CHAIN_LINKED_2013_BASE
2016-04-01,monthly,CCPI,85.9271,index_level,3.3994,dcs,published,CHAIN_LINKED_2013_BASE
2016-05-01,monthly,CCPI,87.4965,index_level,4.7933,dcs,published,CHAIN_LINKED_2013_BASE
2016-06-01,monthly,CCPI,88.8306,index_level,5.4986,dcs,published,CHAIN_LINKED_2013_BASE
2016-07-01,monthly,CCPI,89.3799,index_level,5.7568,dcs,published,CHAIN_LINKED_2013_BASE
2016-08-01,monthly,CCPI,87.9674,index_level,4.3762,dcs,published,CHAIN_LINKED_2013_BASE
2016-09-01,monthly,CCPI,87.7319,index_level,4.1938,dcs,published,CHAIN_LINKED_2013_BASE
2016-10-01,monthly,CCPI,87.9674,index_level,4.0854,dcs,published,CHAIN_LINKED_2013_BASE
2016-11-01,monthly,CCPI,89.1444,index_level,4.0292,dcs,published,CHAIN_LINKED_2013_BASE
2016-12-01,monthly,CCPI,90.0076,index_level,4.4626,dcs,published,CHAIN_LINKED_2013_BASE
2017-01-01,monthly,CCPI,91.1062,index_level,5.5455,dcs,published,CHAIN_LINKED_2013_BASE
2017-02-01,monthly,CCPI,91.5771,index_level,6.7704,dcs,published,CHAIN_LINKED_2013_BASE
2017-03-01,monthly,CCPI,91.4201,index_level,7.2744,dcs,published,CHAIN_LINKED_2013_BASE
2017-04-01,monthly,CCPI,91.891,index_level,6.9407,dcs,published,CHAIN_LINKED_2013_BASE
2017-05-01,monthly,CCPI,92.7542,index_level,6.009,dcs,published,CHAIN_LINKED_2013_BASE
2017-06-01,monthly,CCPI,94.2451,index_level,6.0953,dcs,published,CHAIN_LINKED_2013_BASE
2017-07-01,monthly,CCPI,93.6958,index_level,4.8287,dcs,published,CHAIN_LINKED_2013_BASE
2017-08-01,monthly,CCPI,93.225,index_level,5.9768,dcs,published,CHAIN_LINKED_2013_BASE
2017-09-01,monthly,CCPI,93.9312,index_level,7.0662,dcs,published,CHAIN_LINKED_2013_BASE
2017-10-01,monthly,CCPI,94.7944,index_level,7.7608,dcs,published,CHAIN_LINKED_2013_BASE
2017-11-01,monthly,CCPI,95.8931,index_level,7.5705,dcs,published,CHAIN_LINKED_2013_BASE
2017-12-01,monthly,CCPI,96.4424,index_level,7.1492,dcs,published,CHAIN_LINKED_2013_BASE
2018-01-01,monthly,CCPI,96.3639,index_level,5.771,dcs,published,CHAIN_LINKED_2013_BASE
2018-02-01,monthly,CCPI,95.6576,index_level,4.4558,dcs,published,CHAIN_LINKED_2013_BASE
2018-03-01,monthly,CCPI,95.2653,index_level,4.2061,dcs,published,CHAIN_LINKED_2013_BASE
2018-04-01,monthly,CCPI,95.3438,index_level,3.7575,dcs,published,CHAIN_LINKED_2013_BASE
2018-05-01,monthly,CCPI,96.4424,index_level,3.9763,dcs,published,CHAIN_LINKED_2013_BASE
2018-06-01,monthly,CCPI,98.4042,index_level,4.4131,dcs,published,CHAIN_LINKED_2013_BASE
2018-07-01,monthly,CCPI,98.7181,index_level,5.3602,dcs,published,CHAIN_LINKED_2013_BASE
2018-08-01,monthly,CCPI,98.7181,index_level,5.8923,dcs,published,CHAIN_LINKED_2013_BASE;REPEATED_VALUE
2018-09-01,monthly,CCPI,98.0118,index_level,4.3442,dcs,published,CHAIN_LINKED_2013_BASE
2018-10-01,monthly,CCPI,97.7764,index_level,3.1458,dcs,published,CHAIN_LINKED_2013_BASE
2018-11-01,monthly,CCPI,99.0319,index_level,3.2732,dcs,published,CHAIN_LINKED_2013_BASE
2018-12-01,monthly,CCPI,99.1104,index_level,2.7664,dcs,published,CHAIN_LINKED_2013_BASE
2019-01-01,monthly,CCPI,99.9736,index_level,3.7459,dcs,published,CHAIN_LINKED_2013_BASE
2019-02-01,monthly,CCPI,99.5028,index_level,4.0198,dcs,published,CHAIN_LINKED_2013_BASE
2019-03-01,monthly,CCPI,99.3458,index_level,4.2833,dcs,published,CHAIN_LINKED_2013_BASE
2019-04-01,monthly,CCPI,99.6597,index_level,4.5267,dcs,published,CHAIN_LINKED_2013_BASE
2019-05-01,monthly,CCPI,101.229,index_level,4.9632,dcs,published,CHAIN_LINKED_2013_BASE
2019-06-01,monthly,CCPI,102.171,index_level,3.8279,dcs,published,CHAIN_LINKED_2013_BASE
2019-07-01,monthly,CCPI,102.014,index_level,3.3387,dcs,published,CHAIN_LINKED_2013_BASE
2019-08-01,monthly,CCPI,102.092,index_level,3.4177,dcs,published,CHAIN_LINKED_2013_BASE
2019-09-01,monthly,CCPI,102.877,index_level,4.9639,dcs,published,CHAIN_LINKED_2013_BASE
2019-10-01,monthly,CCPI,103.034,index_level,5.3772,dcs,published,CHAIN_LINKED_2013_BASE
2019-11-01,monthly,CCPI,103.348,index_level,4.3583,dcs,published,CHAIN_LINKED_2013_BASE
2019-12-01,monthly,CCPI,103.897,index_level,4.8296,dcs,published,CHAIN_LINKED_2013_BASE
2020-01-01,monthly,CCPI,105.624,index_level,5.6519,dcs,published,CHAIN_LINKED_2013_BASE
2020-02-01,monthly,CCPI,105.624,index_level,6.1518,dcs,published,CHAIN_LINKED_2013_BASE;REPEATED_VALUE
2020-03-01,monthly,CCPI,104.682,index_level,5.3713,dcs,published,CHAIN_LINKED_2013_BASE
2020-04-01,monthly,CCPI,104.839,index_level,5.197,dcs,published,CHAIN_LINKED_2013_BASE
2020-05-01,monthly,CCPI,105.31,index_level,4.0315,dcs,published,CHAIN_LINKED_2013_BASE
2020-06-01,monthly,CCPI,106.173,index_level,3.917,dcs,published,CHAIN_LINKED_2013_BASE
2020-07-01,monthly,CCPI,106.251,index_level,4.1534,dcs,published,CHAIN_LINKED_2013_BASE
2020-08-01,monthly,CCPI,106.251,index_level,4.0738,dcs,published,CHAIN_LINKED_2013_BASE;REPEATED_VALUE
2020-09-01,monthly,CCPI,106.958,index_level,3.9669,dcs,published,CHAIN_LINKED_2013_BASE
2020-10-01,monthly,CCPI,107.115,index_level,3.9608,dcs,published,CHAIN_LINKED_2013_BASE
2020-11-01,monthly,CCPI,107.585,index_level,4.0997,dcs,published,CHAIN_LINKED_2013_BASE
2020-12-01,monthly,CCPI,108.292,index_level,4.2302,dcs,published,CHAIN_LINKED_2013_BASE
2021-01-01,monthly,CCPI,108.841,index_level,3.0457,dcs,published,CHAIN_LINKED_2013_BASE
2021-02-01,monthly,CCPI,109.155,index_level,3.343,dcs,published,CHAIN_LINKED_2013_BASE
2021-03-01,monthly,CCPI,108.998,index_level,4.123,dcs,published,CHAIN_LINKED_2013_BASE
2021-04-01,monthly,CCPI,108.919,index_level,3.8917,dcs,published,CHAIN_LINKED_2013_BASE
2021-05-01,monthly,CCPI,110.097,index_level,4.5456,dcs,published,CHAIN_LINKED_2013_BASE
2021-06-01,monthly,CCPI,111.744,index_level,5.2471,dcs,published,CHAIN_LINKED_2013_BASE
2021-07-01,monthly,CCPI,112.294,index_level,5.6875,dcs,published,CHAIN_LINKED_2013_BASE
2021-08-01,monthly,CCPI,112.608,index_level,5.983,dcs,published,CHAIN_LINKED_2013_BASE
2021-09-01,monthly,CCPI,113.079,index_level,5.7228,dcs,published,CHAIN_LINKED_2013_BASE
2021-10-01,monthly,CCPI,115.276,index_level,7.6189,dcs,published,CHAIN_LINKED_2013_BASE
2021-11-01,monthly,CCPI,118.258,index_level,9.9205,dcs,published,CHAIN_LINKED_2013_BASE
2021-12-01,monthly,CCPI,121.397,index_level,12.1015,dcs,published,CHAIN_LINKED_2013_BASE
2022-01-01,monthly,CCPI,124.3,index_level,14.2033,dcs,published,OK
2022-02-01,monthly,CCPI,125.8,index_level,15.249,dcs,published,OK
2022-03-01,monthly,CCPI,129.7,index_level,18.993,dcs,published,OK
2022-04-01,monthly,CCPI,142.1,index_level,30.4639,dcs,published,OK
2022-05-01,monthly,CCPI,153.6,index_level,39.5133,dcs,published,OK
2022-06-01,monthly,CCPI,171.7,index_level,53.6548,dcs,published,OK
2022-07-01,monthly,CCPI,178.9,index_level,59.3139,dcs,published,OK
2022-08-01,monthly,CCPI,182.8,index_level,62.333,dcs,published,OK
2022-09-01,monthly,CCPI,189.3,index_level,67.4051,dcs,published,OK
2022-10-01,monthly,CCPI,188.5,index_level,63.5206,dcs,published,OK
2022-11-01,monthly,CCPI,187.1,index_level,58.2134,dcs,published,OK
2022-12-01,monthly,CCPI,187.6,index_level,54.5343,dcs,published,OK
2023-01-01,monthly,CCPI,188.6,index_level,51.7297,dcs,published,OK
2023-02-01,monthly,CCPI,189.5,index_level,50.6359,dcs,published,OK
2023-03-01,monthly,CCPI,195.0,index_level,50.347,dcs,published,OK
2023-04-01,monthly,CCPI,192.3,index_level,35.3272,dcs,published,OK
2023-05-01,monthly,CCPI,192.3,index_level,25.1953,dcs,published,REPEATED_VALUE
2023-06-01,monthly,CCPI,192.3,index_level,11.9977,dcs,published,REPEATED_VALUE
2023-07-01,monthly,CCPI,190.2,index_level,6.3164,dcs,published,OK
2023-08-01,monthly,CCPI,190.1,index_level,3.9934,dcs,published,OK
2023-09-01,monthly,CCPI,191.8,index_level,1.3207,dcs,published,OK
2023-10-01,monthly,CCPI,191.4,index_level,1.5385,dcs,published,OK
2023-11-01,monthly,CCPI,193.4,index_level,3.3672,dcs,published,OK
2023-12-01,monthly,CCPI,195.1,index_level,3.9979,dcs,published,OK
2024-01-01,monthly,CCPI,200.7,index_level,6.4157,dcs,published,OK
2024-02-01,monthly,CCPI,200.6,index_level,5.8575,dcs,published,OK
2024-03-01,monthly,CCPI,196.7,index_level,0.8718,dcs,published,OK
2024-04-01,monthly,CCPI,195.2,index_level,1.5081,dcs,published,OK
2024-05-01,monthly,CCPI,194.1,index_level,0.936,dcs,published,OK
2024-06-01,monthly,CCPI,195.6,index_level,1.7161,dcs,published,OK
2024-07-01,monthly,CCPI,194.7,index_level,2.3659,dcs,published,OK
2024-08-01,monthly,CCPI,191.1,index_level,0.526,dcs,published,OK
2024-09-01,monthly,CCPI,190.9,index_level,-0.4692,dcs,published,OK
2024-10-01,monthly,CCPI,189.9,index_level,-0.7837,dcs,published,OK
2024-11-01,monthly,CCPI,189.4,index_level,-2.0683,dcs,published,OK
2024-12-01,monthly,CCPI,191.7,index_level,-1.7427,dcs,published,OK
2025-01-01,monthly,CCPI,192.6,index_level,-4.0359,dcs,published,OK
2025-02-01,monthly,CCPI,192.2,index_level,-4.1874,dcs,published,OK
2025-03-01,monthly,CCPI,191.6,index_level,-2.5928,dcs,published,OK
2025-04-01,monthly,CCPI,191.2,index_level,-2.0492,dcs,published,OK
2025-05-01,monthly,CCPI,192.8,index_level,-0.6698,dcs,published,OK
2025-06-01,monthly,CCPI,194.5,index_level,-0.5624,dcs,published,OK
2025-07-01,monthly,CCPI,194.1,index_level,-0.3082,dcs,published,OK
2025-08-01,monthly,CCPI,193.3,index_level,1.1512,dcs,published,OK
2025-09-01,monthly,CCPI,193.7,index_level,1.4667,dcs,published,OK
2025-10-01,monthly,CCPI,193.8,index_level,2.0537,dcs,published,OK
2025-11-01,monthly,CCPI,193.4,index_level,2.1119,dcs,published,OK
2025-12-01,monthly,CCPI,195.8,index_level,2.1388,dcs,published,OK
2026-01-01,monthly,CCPI,197.0,index_level,2.2845,dcs,published,OK
2026-02-01,monthly,CCPI,195.3,index_level,1.6129,dcs,published,OK
2026-03-01,monthly,CCPI,195.8,index_level,2.1921,dcs,published,OK
2026-04-01,monthly,CCPI,201.6,index_level,5.4393,dcs,published,OK
2026-05-01,monthly,CCPI,203.4,index_level,5.4979,dcs,published,OK
2026-06-01,monthly,CCPI,207.7,index_level,6.7866,dcs,published,OK
2026-07-01,monthly,CCPI,208.2,index_level,7.2643,dcs,published,OK
2026-08-01,monthly,CCPI,208.8,index_level,8.0186,dcs,published,OK
2012-10-01,quarterly,CCPI,76.885,index_level,,dcs,period_average,CHAIN_LINKED_200607_BASE;NO_YOY_SOURCE_LAG
2013-01-01,quarterly,CCPI,78.5434,index_level,,dcs,period_average,CHAIN_LINKED_200607_BASE;NO_YOY_SOURCE_LAG
2013-04-01,quarterly,CCPI,79.91,index_level,,dcs,period_average,CHAIN_LINKED_200607_BASE;NO_YOY_SOURCE_LAG
2013-07-01,quarterly,CCPI,81.1999,index_level,,dcs,period_average,CHAIN_LINKED_200607_BASE;NO_YOY_SOURCE_LAG
2013-10-01,quarterly,CCPI,81.246,index_level,5.6721,dcs,period_average,CHAIN_LINKED_200607_BASE
2014-01-01,quarterly,CCPI,81.7681,index_level,4.1057,dcs,period_average,CHAIN_LINKED_2013_BASE
2014-04-01,quarterly,CCPI,82.3697,index_level,3.078,dcs,period_average,CHAIN_LINKED_2013_BASE
2014-07-01,quarterly,CCPI,83.416,index_level,2.7291,dcs,period_average,CHAIN_LINKED_2013_BASE
2014-10-01,quarterly,CCPI,82.2127,index_level,1.1899,dcs,period_average,CHAIN_LINKED_2013_BASE
2015-01-01,quarterly,CCPI,83.756,index_level,2.4311,dcs,period_average,CHAIN_LINKED_2013_BASE
2015-04-01,quarterly,CCPI,83.5991,index_level,1.4925,dcs,period_average,CHAIN_LINKED_2013_BASE
2015-07-01,quarterly,CCPI,84.3315,index_level,1.0976,dcs,period_average,CHAIN_LINKED_2013_BASE
2015-10-01,quarterly,CCPI,85.4563,index_level,3.9453,dcs,period_average,CHAIN_LINKED_2013_BASE
2016-01-01,quarterly,CCPI,85.7701,index_level,2.4047,dcs,period_average,CHAIN_LINKED_2013_BASE
2016-04-01,quarterly,CCPI,87.4181,index_level,4.5682,dcs,period_average,CHAIN_LINKED_2013_BASE
2016-07-01,quarterly,CCPI,88.3597,index_level,4.7767,dcs,period_average,CHAIN_LINKED_2013_BASE
2016-10-01,quarterly,CCPI,89.0398,index_level,4.1934,dcs,period_average,CHAIN_LINKED_2013_BASE
2017-01-01,quarterly,CCPI,91.3678,index_level,6.5264,dcs,period_average,CHAIN_LINKED_2013_BASE
2017-04-01,quarterly,CCPI,92.9634,index_level,6.3435,dcs,period_average,CHAIN_LINKED_2013_BASE
2017-07-01,quarterly,CCPI,93.6173,index_level,5.9502,dcs,period_average,CHAIN_LINKED_2013_BASE
2017-10-01,quarterly,CCPI,95.71,index_level,7.4912,dcs,period_average,CHAIN_LINKED_2013_BASE
2018-01-01,quarterly,CCPI,95.7623,index_level,4.8096,dcs,period_average,CHAIN_LINKED_2013_BASE
2018-04-01,quarterly,CCPI,96.7301,index_level,4.0518,dcs,period_average,CHAIN_LINKED_2013_BASE
2018-07-01,quarterly,CCPI,98.4827,index_level,5.197,dcs,period_average,CHAIN_LINKED_2013_BASE
2018-10-01,quarterly,CCPI,98.6396,index_level,3.0609,dcs,period_average,CHAIN_LINKED_2013_BASE
2019-01-01,quarterly,CCPI,99.6074,index_level,4.0153,dcs,period_average,CHAIN_LINKED_2013_BASE
2019-04-01,quarterly,CCPI,101.0199,index_level,4.4348,dcs,period_average,CHAIN_LINKED_2013_BASE
2019-07-01,quarterly,CCPI,102.3277,index_level,3.9042,dcs,period_average,CHAIN_LINKED_2013_BASE
2019-10-01,quarterly,CCPI,103.4263,index_level,4.8528,dcs,period_average,CHAIN_LINKED_2013_BASE
2020-01-01,quarterly,CCPI,105.31,index_level,5.7251,dcs,period_average,CHAIN_LINKED_2013_BASE
2020-04-01,quarterly,CCPI,105.4407,index_level,4.3761,dcs,period_average,CHAIN_LINKED_2013_BASE
2020-07-01,quarterly,CCPI,106.4867,index_level,4.0644,dcs,period_average,CHAIN_LINKED_2013_BASE
2020-10-01,quarterly,CCPI,107.664,index_level,4.0973,dcs,period_average,CHAIN_LINKED_2013_BASE
2021-01-01,quarterly,CCPI,108.998,index_level,3.502,dcs,period_average,CHAIN_LINKED_2013_BASE
2021-04-01,quarterly,CCPI,110.2533,index_level,4.5643,dcs,period_average,CHAIN_LINKED_2013_BASE
2021-07-01,quarterly,CCPI,112.6603,index_level,5.7976,dcs,period_average,CHAIN_LINKED_2013_BASE
2021-10-01,quarterly,CCPI,118.3103,index_level,9.8885,dcs,period_average,CHAIN_LINKED_2013_BASE
2022-01-01,quarterly,CCPI,126.6,index_level,16.1489,dcs,period_average,OK
2022-04-01,quarterly,CCPI,155.8,index_level,41.3109,dcs,period_average,OK
2022-07-01,quarterly,CCPI,183.6667,index_level,63.0269,dcs,period_average,OK
2022-10-01,quarterly,CCPI,187.7333,index_level,58.6787,dcs,period_average,OK
2023-01-01,quarterly,CCPI,191.0333,index_level,50.8952,dcs,period_average,OK
2023-04-01,quarterly,CCPI,192.3,index_level,23.4275,dcs,period_average,OK
2023-07-01,quarterly,CCPI,190.7,index_level,3.8294,dcs,period_average,OK
2023-10-01,quarterly,CCPI,193.3,index_level,2.9652,dcs,period_average,OK
2024-01-01,quarterly,CCPI,199.3333,index_level,4.3448,dcs,period_average,OK
2024-04-01,quarterly,CCPI,194.9667,index_level,1.3867,dcs,period_average,OK
2024-07-01,quarterly,CCPI,192.2333,index_level,0.8041,dcs,period_average,OK
2024-10-01,quarterly,CCPI,190.3333,index_level,-1.5347,dcs,period_average,OK
2025-01-01,quarterly,CCPI,192.1333,index_level,-3.612,dcs,period_average,OK
2025-04-01,quarterly,CCPI,192.8333,index_level,-1.0942,dcs,period_average,OK
2025-07-01,quarterly,CCPI,193.7,index_level,0.763,dcs,period_average,OK
2025-10-01,quarterly,CCPI,194.3333,index_level,2.1016,dcs,period_average,OK
2026-01-01,quarterly,CCPI,196.0333,index_level,2.0298,dcs,period_average,OK
2026-04-01,quarterly,CCPI,204.2333,index_level,5.9118,dcs,period_average,OK
2013-01-01,annual,CCPI,80.2248,index_level,,dcs,period_average,CHAIN_LINKED_200607_BASE;NO_YOY_SOURCE_LAG
2014-01-01,annual,CCPI,82.4416,index_level,2.7632,dcs,period_average,CHAIN_LINKED_2013_BASE
2015-01-01,annual,CCPI,84.2857,index_level,2.2369,dcs,period_average,CHAIN_LINKED_2013_BASE
2016-01-01,annual,CCPI,87.6469,index_level,3.9879,dcs,period_average,CHAIN_LINKED_2013_BASE
2017-01-01,annual,CCPI,93.4146,index_level,6.5806,dcs,period_average,CHAIN_LINKED_2013_BASE
2018-01-01,annual,CCPI,97.4037,index_level,4.2702,dcs,period_average,CHAIN_LINKED_2013_BASE
2019-01-01,annual,CCPI,101.5953,index_level,4.3034,dcs,period_average,CHAIN_LINKED_2013_BASE
2020-01-01,annual,CCPI,106.2253,index_level,4.5573,dcs,period_average,CHAIN_LINKED_2013_BASE
2021-01-01,annual,CCPI,112.5555,index_level,5.9592,dcs,period_average,CHAIN_LINKED_2013_BASE
2022-01-01,annual,CCPI,163.45,index_level,45.2172,dcs,period_average,OK
2023-01-01,annual,CCPI,191.8333,index_level,17.3651,dcs,period_average,OK
2024-01-01,annual,CCPI,194.2167,index_level,1.2424,dcs,period_average,OK
2025-01-01,annual,CCPI,193.25,index_level,-0.4977,dcs,period_average,OK
2014-01-01,monthly,FCPI,80.7514,index_level,,dcs,published,CHAIN_LINKED_2013_BASE;NO_YOY_SOURCE_LAG
2014-02-01,monthly,FCPI,80.3488,index_level,,dcs,published,CHAIN_LINKED_2013_BASE;NO_YOY_SOURCE_LAG
2014-03-01,monthly,FCPI,80.5903,index_level,,dcs,published,CHAIN_LINKED_2013_BASE;NO_YOY_SOURCE_LAG
2014-04-01,monthly,FCPI,81.959,index_level,,dcs,published,CHAIN_LINKED_2013_BASE;NO_YOY_SOURCE_LAG
2014-05-01,monthly,FCPI,83.4887,index_level,,dcs,published,CHAIN_LINKED_2013_BASE;NO_YOY_SOURCE_LAG
2014-06-01,monthly,FCPI,85.8235,index_level,,dcs,published,CHAIN_LINKED_2013_BASE;NO_YOY_SOURCE_LAG
2014-07-01,monthly,FCPI,87.1921,index_level,,dcs,published,CHAIN_LINKED_2013_BASE;NO_YOY_SOURCE_LAG
2014-08-01,monthly,FCPI,85.5014,index_level,,dcs,published,CHAIN_LINKED_2013_BASE;NO_YOY_SOURCE_LAG
2014-09-01,monthly,FCPI,85.5014,index_level,,dcs,published,CHAIN_LINKED_2013_BASE;NO_YOY_SOURCE_LAG;REPEATED_VALUE
2014-10-01,monthly,FCPI,85.743,index_level,,dcs,published,CHAIN_LINKED_2013_BASE;NO_YOY_SOURCE_LAG
2014-11-01,monthly,FCPI,87.9167,index_level,,dcs,published,CHAIN_LINKED_2013_BASE;NO_YOY_SOURCE_LAG
2014-12-01,monthly,FCPI,91.4592,index_level,,dcs,published,CHAIN_LINKED_2013_BASE;NO_YOY_SOURCE_LAG
2015-01-01,monthly,FCPI,95.6457,index_level,18.4446,dcs,published,CHAIN_LINKED_2013_BASE
2015-02-01,monthly,FCPI,89.7685,index_level,11.7235,dcs,published,CHAIN_LINKED_2013_BASE
2015-03-01,monthly,FCPI,87.2727,index_level,8.2918,dcs,published,CHAIN_LINKED_2013_BASE
2015-04-01,monthly,FCPI,85.4209,index_level,4.2239,dcs,published,CHAIN_LINKED_2013_BASE
2015-05-01,monthly,FCPI,87.2727,index_level,4.5323,dcs,published,CHAIN_LINKED_2013_BASE
2015-06-01,monthly,FCPI,89.0439,index_level,3.7524,dcs,published,CHAIN_LINKED_2013_BASE
2015-07-01,monthly,FCPI,88.3193,index_level,1.2928,dcs,published,CHAIN_LINKED_2013_BASE
2015-08-01,monthly,FCPI,86.8701,index_level,1.6008,dcs,published,CHAIN_LINKED_2013_BASE
2015-09-01,monthly,FCPI,86.4676,index_level,1.13,dcs,published,CHAIN_LINKED_2013_BASE
2015-10-01,monthly,FCPI,87.6752,index_level,2.2535,dcs,published,CHAIN_LINKED_2013_BASE
2015-11-01,monthly,FCPI,91.9422,index_level,4.5788,dcs,published,CHAIN_LINKED_2013_BASE
2015-12-01,monthly,FCPI,93.7939,index_level,2.5527,dcs,published,CHAIN_LINKED_2013_BASE
2016-01-01,monthly,FCPI,91.6202,index_level,-4.2088,dcs,published,CHAIN_LINKED_2013_BASE
2016-02-01,monthly,FCPI,89.2049,index_level,-0.6278,dcs,published,CHAIN_LINKED_2013_BASE
2016-03-01,monthly,FCPI,87.6752,index_level,0.4612,dcs,published,CHAIN_LINKED_2013_BASE
2016-04-01,monthly,FCPI,89.6074,index_level,4.901,dcs,published,CHAIN_LINKED_2013_BASE
2016-05-01,monthly,FCPI,91.4592,index_level,4.797,dcs,published,CHAIN_LINKED_2013_BASE
2016-06-01,monthly,FCPI,95.8067,index_level,7.5949,dcs,published,CHAIN_LINKED_2013_BASE
2016-07-01,monthly,FCPI,94.277,index_level,6.7456,dcs,published,CHAIN_LINKED_2013_BASE
2016-08-01,monthly,FCPI,90.493,index_level,4.1705,dcs,published,CHAIN_LINKED_2013_BASE
2016-09-01,monthly,FCPI,90.6541,index_level,4.8417,dcs,published,CHAIN_LINKED_2013_BASE
2016-10-01,monthly,FCPI,92.2643,index_level,5.2342,dcs,published,CHAIN_LINKED_2013_BASE
2016-11-01,monthly,FCPI,93.3109,index_level,1.4887,dcs,published,CHAIN_LINKED_2013_BASE
2016-12-01,monthly,FCPI,95.9677,index_level,2.3176,dcs,published,CHAIN_LINKED_2013_BASE
2017-01-01,monthly,FCPI,97.6584,index_level,6.5905,dcs,published,CHAIN_LINKED_2013_BASE
2017-02-01,monthly,FCPI,98.3025,index_level,10.1985,dcs,published,CHAIN_LINKED_2013_BASE
2017-03-01,monthly,FCPI,97.4974,index_level,11.2029,dcs,published,CHAIN_LINKED_2013_BASE
2017-04-01,monthly,FCPI,100.154,index_level,11.7698,dcs,published,CHAIN_LINKED_2013_BASE
2017-05-01,monthly,FCPI,101.12,index_level,10.563,dcs,published,CHAIN_LINKED_2013_BASE
2017-06-01,monthly,FCPI,104.019,index_level,8.5717,dcs,published,CHAIN_LINKED_2013_BASE
2017-07-01,monthly,FCPI,102.006,index_level,8.1982,dcs,published,CHAIN_LINKED_2013_BASE
2017-08-01,monthly,FCPI,101.442,index_level,12.0993,dcs,published,CHAIN_LINKED_2013_BASE
2017-09-01,monthly,FCPI,103.214,index_level,13.8548,dcs,published,CHAIN_LINKED_2013_BASE
2017-10-01,monthly,FCPI,105.79,index_level,14.6597,dcs,published,CHAIN_LINKED_2013_BASE
2017-11-01,monthly,FCPI,107.964,index_level,15.7035,dcs,published,CHAIN_LINKED_2013_BASE
2017-12-01,monthly,FCPI,108.205,index_level,12.7515,dcs,published,CHAIN_LINKED_2013_BASE
2018-01-01,monthly,FCPI,106.434,index_level,8.986,dcs,published,CHAIN_LINKED_2013_BASE
2018-02-01,monthly,FCPI,101.925,index_level,3.6851,dcs,published,CHAIN_LINKED_2013_BASE
2018-03-01,monthly,FCPI,100.074,index_level,2.6427,dcs,published,CHAIN_LINKED_2013_BASE
2018-04-01,monthly,FCPI,99.8322,index_level,-0.3213,dcs,published,CHAIN_LINKED_2013_BASE
2018-05-01,monthly,FCPI,101.12,index_level,0.0,dcs,published,CHAIN_LINKED_2013_BASE
2018-06-01,monthly,FCPI,104.582,index_level,0.5412,dcs,published,CHAIN_LINKED_2013_BASE
2018-07-01,monthly,FCPI,104.421,index_level,2.3675,dcs,published,CHAIN_LINKED_2013_BASE
2018-08-01,monthly,FCPI,101.442,index_level,0.0,dcs,published,CHAIN_LINKED_2013_BASE
2018-09-01,monthly,FCPI,98.8661,index_level,-4.2125,dcs,published,CHAIN_LINKED_2013_BASE
2018-10-01,monthly,FCPI,98.7856,index_level,-6.621,dcs,published,CHAIN_LINKED_2013_BASE
2018-11-01,monthly,FCPI,103.777,index_level,-3.8781,dcs,published,CHAIN_LINKED_2013_BASE
2018-12-01,monthly,FCPI,103.375,index_level,-4.4637,dcs,published,CHAIN_LINKED_2013_BASE
2019-01-01,monthly,FCPI,101.281,index_level,-4.8415,dcs,published,CHAIN_LINKED_2013_BASE
2019-02-01,monthly,FCPI,98.9466,index_level,-2.9221,dcs,published,CHAIN_LINKED_2013_BASE
2019-03-01,monthly,FCPI,97.7389,index_level,-2.3334,dcs,published,CHAIN_LINKED_2013_BASE
2019-04-01,monthly,FCPI,98.6245,index_level,-1.2097,dcs,published,CHAIN_LINKED_2013_BASE
2019-05-01,monthly,FCPI,100.718,index_level,-0.3975,dcs,published,CHAIN_LINKED_2013_BASE
2019-06-01,monthly,FCPI,101.523,index_level,-2.925,dcs,published,CHAIN_LINKED_2013_BASE
2019-07-01,monthly,FCPI,101.845,index_level,-2.4669,dcs,published,CHAIN_LINKED_2013_BASE
2019-08-01,monthly,FCPI,102.087,index_level,0.6358,dcs,published,CHAIN_LINKED_2013_BASE
2019-09-01,monthly,FCPI,103.697,index_level,4.8863,dcs,published,CHAIN_LINKED_2013_BASE
2019-10-01,monthly,FCPI,106.031,index_level,7.3345,dcs,published,CHAIN_LINKED_2013_BASE
2019-11-01,monthly,FCPI,107.964,index_level,4.0346,dcs,published,CHAIN_LINKED_2013_BASE
2019-12-01,monthly,FCPI,112.311,index_level,8.6443,dcs,published,CHAIN_LINKED_2013_BASE
2020-01-01,monthly,FCPI,115.129,index_level,13.6729,dcs,published,CHAIN_LINKED_2013_BASE
2020-02-01,monthly,FCPI,115.049,index_level,16.2738,dcs,published,CHAIN_LINKED_2013_BASE
2020-03-01,monthly,FCPI,111.506,index_level,14.0856,dcs,published,CHAIN_LINKED_2013_BASE
2020-04-01,monthly,FCPI,110.701,index_level,12.2449,dcs,published,CHAIN_LINKED_2013_BASE
2020-05-01,monthly,FCPI,111.909,index_level,11.1112,dcs,published,CHAIN_LINKED_2013_BASE
2020-06-01,monthly,FCPI,115.29,index_level,13.5605,dcs,published,CHAIN_LINKED_2013_BASE
2020-07-01,monthly,FCPI,114.968,index_level,12.8853,dcs,published,CHAIN_LINKED_2013_BASE
2020-08-01,monthly,FCPI,115.532,index_level,13.1701,dcs,published,CHAIN_LINKED_2013_BASE
2020-09-01,monthly,FCPI,116.82,index_level,12.6551,dcs,published,CHAIN_LINKED_2013_BASE
2020-10-01,monthly,FCPI,117.222,index_level,10.5545,dcs,published,CHAIN_LINKED_2013_BASE
2020-11-01,monthly,FCPI,118.108,index_level,9.3957,dcs,published,CHAIN_LINKED_2013_BASE
2020-12-01,monthly,FCPI,120.684,index_level,7.4552,dcs,published,CHAIN_LINKED_2013_BASE
2021-01-01,monthly,FCPI,121.892,index_level,5.8743,dcs,published,CHAIN_LINKED_2013_BASE
2021-02-01,monthly,FCPI,123.019,index_level,6.9275,dcs,published,CHAIN_LINKED_2013_BASE
2021-03-01,monthly,FCPI,121.328,index_level,8.8085,dcs,published,CHAIN_LINKED_2013_BASE
2021-04-01,monthly,FCPI,121.409,index_level,9.6729,dcs,published,CHAIN_LINKED_2013_BASE
2021-05-01,monthly,FCPI,123.422,index_level,10.2878,dcs,published,CHAIN_LINKED_2013_BASE
2021-06-01,monthly,FCPI,126.642,index_level,9.8465,dcs,published,CHAIN_LINKED_2013_BASE
2021-07-01,monthly,FCPI,127.608,index_level,10.9944,dcs,published,CHAIN_LINKED_2013_BASE
2021-08-01,monthly,FCPI,128.333,index_level,11.08,dcs,published,CHAIN_LINKED_2013_BASE
2021-09-01,monthly,FCPI,128.494,index_level,9.9932,dcs,published,CHAIN_LINKED_2013_BASE
2021-10-01,monthly,FCPI,130.909,index_level,11.6761,dcs,published,CHAIN_LINKED_2013_BASE
2021-11-01,monthly,FCPI,138.074,index_level,16.9049,dcs,published,CHAIN_LINKED_2013_BASE
2021-12-01,monthly,FCPI,146.608,index_level,21.4809,dcs,published,CHAIN_LINKED_2013_BASE
2022-01-01,monthly,FCPI,151.6,index_level,24.3724,dcs,published,OK
2022-02-01,monthly,FCPI,153.1,index_level,24.4523,dcs,published,OK
2022-03-01,monthly,FCPI,156.9,index_level,29.3189,dcs,published,OK
2022-04-01,monthly,FCPI,176.1,index_level,45.0469,dcs,published,OK
2022-05-01,monthly,FCPI,195.3,index_level,58.2376,dcs,published,OK
2022-06-01,monthly,FCPI,222.8,index_level,75.929,dcs,published,OK
2022-07-01,monthly,FCPI,233.4,index_level,82.9039,dcs,published,OK
2022-08-01,monthly,FCPI,237.5,index_level,85.0654,dcs,published,OK
2022-09-01,monthly,FCPI,239.1,index_level,86.0787,dcs,published,OK
2022-10-01,monthly,FCPI,236.5,index_level,80.6598,dcs,published,OK
2022-11-01,monthly,FCPI,233.2,index_level,68.8949,dcs,published,OK
2022-12-01,monthly,FCPI,232.4,index_level,58.518,dcs,published,OK
2023-01-01,monthly,FCPI,232.8,index_level,53.562,dcs,published,OK
2023-02-01,monthly,FCPI,228.1,index_level,48.9876,dcs,published,OK
2023-03-01,monthly,FCPI,223.2,index_level,42.2562,dcs,published,OK
2023-04-01,monthly,FCPI,223.8,index_level,27.0869,dcs,published,OK
2023-05-01,monthly,FCPI,226.1,index_level,15.7706,dcs,published,OK
2023-06-01,monthly,FCPI,228.4,index_level,2.5135,dcs,published,OK
2023-07-01,monthly,FCPI,227.5,index_level,-2.5278,dcs,published,OK
2023-08-01,monthly,FCPI,224.6,index_level,-5.4316,dcs,published,OK
2023-09-01,monthly,FCPI,226.7,index_level,-5.1861,dcs,published,OK
2023-10-01,monthly,FCPI,224.1,index_level,-5.2431,dcs,published,OK
2023-11-01,monthly,FCPI,228.1,index_level,-2.187,dcs,published,OK
2023-12-01,monthly,FCPI,236.2,index_level,1.6351,dcs,published,OK
2024-01-01,monthly,FCPI,242.4,index_level,4.1237,dcs,published,OK
2024-02-01,monthly,FCPI,239.5,index_level,4.9978,dcs,published,OK
2024-03-01,monthly,FCPI,234.4,index_level,5.0179,dcs,published,OK
2024-04-01,monthly,FCPI,231.1,index_level,3.2618,dcs,published,OK
2024-05-01,monthly,FCPI,227.3,index_level,0.5307,dcs,published,OK
2024-06-01,monthly,FCPI,232.8,index_level,1.9264,dcs,published,OK
2024-07-01,monthly,FCPI,234.0,index_level,2.8571,dcs,published,OK
2024-08-01,monthly,FCPI,229.7,index_level,2.2707,dcs,published,OK
2024-09-01,monthly,FCPI,227.9,index_level,0.5293,dcs,published,OK
2024-10-01,monthly,FCPI,227.1,index_level,1.3387,dcs,published,OK
2024-11-01,monthly,FCPI,228.0,index_level,-0.0438,dcs,published,OK
2024-12-01,monthly,FCPI,233.9,index_level,-0.9738,dcs,published,OK
2025-01-01,monthly,FCPI,236.3,index_level,-2.5165,dcs,published,OK
2025-02-01,monthly,FCPI,236.8,index_level,-1.1273,dcs,published,OK
2025-03-01,monthly,FCPI,236.2,index_level,0.7679,dcs,published,OK
2025-04-01,monthly,FCPI,237.8,index_level,2.8992,dcs,published,OK
2025-05-01,monthly,FCPI,240.6,index_level,5.8513,dcs,published,OK
2025-06-01,monthly,FCPI,242.5,index_level,4.1667,dcs,published,OK
2025-07-01,monthly,FCPI,239.2,index_level,2.2222,dcs,published,OK
2025-08-01,monthly,FCPI,236.3,index_level,2.8733,dcs,published,OK
2025-09-01,monthly,FCPI,236.6,index_level,3.8175,dcs,published,OK
2025-10-01,monthly,FCPI,236.4,index_level,4.0951,dcs,published,OK
2025-11-01,monthly,FCPI,236.1,index_level,3.5526,dcs,published,OK
2025-12-01,monthly,FCPI,244.3,index_level,4.4463,dcs,published,OK
2026-01-01,monthly,FCPI,244.3,index_level,3.3855,dcs,published,REPEATED_VALUE
2026-02-01,monthly,FCPI,239.4,index_level,1.098,dcs,published,OK
2026-03-01,monthly,FCPI,237.9,index_level,0.7197,dcs,published,OK
2026-04-01,monthly,FCPI,240.4,index_level,1.0934,dcs,published,OK
2026-05-01,monthly,FCPI,244.3,index_level,1.5378,dcs,published,OK
2026-06-01,monthly,FCPI,250.5,index_level,3.299,dcs,published,OK
2026-07-01,monthly,FCPI,250.9,index_level,4.8913,dcs,published,OK
2026-08-01,monthly,FCPI,251.9,index_level,6.6018,dcs,published,OK
2014-01-01,quarterly,FCPI,80.5635,index_level,,dcs,period_average,CHAIN_LINKED_2013_BASE;NO_YOY_SOURCE_LAG
2014-04-01,quarterly,FCPI,83.7571,index_level,,dcs,period_average,CHAIN_LINKED_2013_BASE;NO_YOY_SOURCE_LAG
2014-07-01,quarterly,FCPI,86.065,index_level,,dcs,period_average,CHAIN_LINKED_2013_BASE;NO_YOY_SOURCE_LAG
2014-10-01,quarterly,FCPI,88.373,index_level,,dcs,period_average,CHAIN_LINKED_2013_BASE;NO_YOY_SOURCE_LAG
2015-01-01,quarterly,FCPI,90.8956,index_level,12.8248,dcs,period_average,CHAIN_LINKED_2013_BASE
2015-04-01,quarterly,FCPI,87.2458,index_level,4.1653,dcs,period_average,CHAIN_LINKED_2013_BASE
2015-07-01,quarterly,FCPI,87.219,index_level,1.3409,dcs,period_average,CHAIN_LINKED_2013_BASE
2015-10-01,quarterly,FCPI,91.1371,index_level,3.1278,dcs,period_average,CHAIN_LINKED_2013_BASE
2016-01-01,quarterly,FCPI,89.5001,index_level,-1.5353,dcs,period_average,CHAIN_LINKED_2013_BASE
2016-04-01,quarterly,FCPI,92.2911,index_level,5.7828,dcs,period_average,CHAIN_LINKED_2013_BASE
2016-07-01,quarterly,FCPI,91.808,index_level,5.2615,dcs,period_average,CHAIN_LINKED_2013_BASE
2016-10-01,quarterly,FCPI,93.8476,index_level,2.9741,dcs,period_average,CHAIN_LINKED_2013_BASE
2017-01-01,quarterly,FCPI,97.8194,index_level,9.2953,dcs,period_average,CHAIN_LINKED_2013_BASE
2017-04-01,quarterly,FCPI,101.7643,index_level,10.2645,dcs,period_average,CHAIN_LINKED_2013_BASE
2017-07-01,quarterly,FCPI,102.2207,index_level,11.3417,dcs,period_average,CHAIN_LINKED_2013_BASE
2017-10-01,quarterly,FCPI,107.3197,index_level,14.3552,dcs,period_average,CHAIN_LINKED_2013_BASE
2018-01-01,quarterly,FCPI,102.811,index_level,5.1028,dcs,period_average,CHAIN_LINKED_2013_BASE
2018-04-01,quarterly,FCPI,101.8447,index_level,0.079,dcs,period_average,CHAIN_LINKED_2013_BASE
2018-07-01,quarterly,FCPI,101.5764,index_level,-0.6303,dcs,period_average,CHAIN_LINKED_2013_BASE
2018-10-01,quarterly,FCPI,101.9792,index_level,-4.9762,dcs,period_average,CHAIN_LINKED_2013_BASE
2019-01-01,quarterly,FCPI,99.3222,index_level,-3.3934,dcs,period_average,CHAIN_LINKED_2013_BASE
2019-04-01,quarterly,FCPI,100.2885,index_level,-1.528,dcs,period_average,CHAIN_LINKED_2013_BASE
2019-07-01,quarterly,FCPI,102.543,index_level,0.9516,dcs,period_average,CHAIN_LINKED_2013_BASE
2019-10-01,quarterly,FCPI,108.7687,index_level,6.6577,dcs,period_average,CHAIN_LINKED_2013_BASE
2020-01-01,quarterly,FCPI,113.8947,index_level,14.672,dcs,period_average,CHAIN_LINKED_2013_BASE
2020-04-01,quarterly,FCPI,112.6333,index_level,12.3093,dcs,period_average,CHAIN_LINKED_2013_BASE
2020-07-01,quarterly,FCPI,115.7733,index_level,12.9022,dcs,period_average,CHAIN_LINKED_2013_BASE
2020-10-01,quarterly,FCPI,118.6713,index_level,9.1043,dcs,period_average,CHAIN_LINKED_2013_BASE
2021-01-01,quarterly,FCPI,122.0797,index_level,7.1865,dcs,period_average,CHAIN_LINKED_2013_BASE
2021-04-01,quarterly,FCPI,123.8243,index_level,9.9358,dcs,period_average,CHAIN_LINKED_2013_BASE
2021-07-01,quarterly,FCPI,128.145,index_level,10.6861,dcs,period_average,CHAIN_LINKED_2013_BASE
2021-10-01,quarterly,FCPI,138.5303,index_level,16.7345,dcs,period_average,CHAIN_LINKED_2013_BASE
2022-01-01,quarterly,FCPI,153.8667,index_level,26.0379,dcs,period_average,OK
2022-04-01,quarterly,FCPI,198.0667,index_level,59.9578,dcs,period_average,OK
2022-07-01,quarterly,FCPI,236.6667,index_level,84.6866,dcs,period_average,OK
2022-10-01,quarterly,FCPI,234.0333,index_level,68.9401,dcs,period_average,OK
2023-01-01,quarterly,FCPI,228.0333,index_level,48.2019,dcs,period_average,OK
2023-04-01,quarterly,FCPI,226.1,index_level,14.1535,dcs,period_average,OK
2023-07-01,quarterly,FCPI,226.2667,index_level,-4.3944,dcs,period_average,OK
2023-10-01,quarterly,FCPI,229.4667,index_level,-1.9513,dcs,period_average,OK
2024-01-01,quarterly,FCPI,238.7667,index_level,4.7069,dcs,period_average,OK
2024-04-01,quarterly,FCPI,230.4,index_level,1.9018,dcs,period_average,OK
2024-07-01,quarterly,FCPI,230.5333,index_level,1.8857,dcs,period_average,OK
2024-10-01,quarterly,FCPI,229.6667,index_level,0.0872,dcs,period_average,OK
2025-01-01,quarterly,FCPI,236.4333,index_level,-0.9772,dcs,period_average,OK
2025-04-01,quarterly,FCPI,240.3,index_level,4.2969,dcs,period_average,OK
2025-07-01,quarterly,FCPI,237.3667,index_level,2.9641,dcs,period_average,OK
2025-10-01,quarterly,FCPI,238.9333,index_level,4.0348,dcs,period_average,OK
2026-01-01,quarterly,FCPI,240.5333,index_level,1.7341,dcs,period_average,OK
2026-04-01,quarterly,FCPI,245.0667,index_level,1.9836,dcs,period_average,OK
2014-01-01,annual,FCPI,84.6896,index_level,,dcs,period_average,CHAIN_LINKED_2013_BASE;NO_YOY_SOURCE_LAG
2015-01-01,annual,FCPI,89.1244,index_level,5.2365,dcs,period_average,CHAIN_LINKED_2013_BASE
2016-01-01,annual,FCPI,91.8617,index_level,3.0714,dcs,period_average,CHAIN_LINKED_2013_BASE
2017-01-01,annual,FCPI,102.281,index_level,11.3424,dcs,period_average,CHAIN_LINKED_2013_BASE
2018-01-01,annual,FCPI,102.0528,index_level,-0.2231,dcs,period_average,CHAIN_LINKED_2013_BASE
2019-01-01,annual,FCPI,102.7306,index_level,0.6641,dcs,period_average,CHAIN_LINKED_2013_BASE
2020-01-01,annual,FCPI,115.2432,index_level,12.18,dcs,period_average,CHAIN_LINKED_2013_BASE
2021-01-01,annual,FCPI,128.1448,index_level,11.1952,dcs,period_average,CHAIN_LINKED_2013_BASE
2022-01-01,annual,FCPI,205.6583,index_level,60.489,dcs,period_average,OK
2023-01-01,annual,FCPI,227.4667,index_level,10.6042,dcs,period_average,OK
2024-01-01,annual,FCPI,232.3417,index_level,2.1432,dcs,period_average,OK
2025-01-01,annual,FCPI,238.2583,index_level,2.5465,dcs,period_average,OK
2014-01-01,monthly,HCPI,81.7968,index_level,,dcs,published,CHAIN_LINKED_2013_BASE;NO_YOY_SOURCE_LAG
2014-02-01,monthly,HCPI,81.7175,index_level,,dcs,published,CHAIN_LINKED_2013_BASE;NO_YOY_SOURCE_LAG
2014-03-01,monthly,HCPI,81.8761,index_level,,dcs,published,CHAIN_LINKED_2013_BASE;NO_YOY_SOURCE_LAG
2014-04-01,monthly,HCPI,82.5902,index_level,,dcs,published,CHAIN_LINKED_2013_BASE;NO_YOY_SOURCE_LAG
2014-05-01,monthly,HCPI,83.2249,index_level,,dcs,published,CHAIN_LINKED_2013_BASE;NO_YOY_SOURCE_LAG
2014-06-01,monthly,HCPI,84.2563,index_level,,dcs,published,CHAIN_LINKED_2013_BASE;NO_YOY_SOURCE_LAG
2014-07-01,monthly,HCPI,84.891,index_level,,dcs,published,CHAIN_LINKED_2013_BASE;NO_YOY_SOURCE_LAG
2014-08-01,monthly,HCPI,84.4149,index_level,,dcs,published,CHAIN_LINKED_2013_BASE;NO_YOY_SOURCE_LAG
2014-09-01,monthly,HCPI,84.4149,index_level,,dcs,published,CHAIN_LINKED_2013_BASE;NO_YOY_SOURCE_LAG;REPEATED_VALUE
2014-10-01,monthly,HCPI,84.0976,index_level,,dcs,published,CHAIN_LINKED_2013_BASE;NO_YOY_SOURCE_LAG
2014-11-01,monthly,HCPI,84.8116,index_level,,dcs,published,CHAIN_LINKED_2013_BASE;NO_YOY_SOURCE_LAG
2014-12-01,monthly,HCPI,86.1604,index_level,,dcs,published,CHAIN_LINKED_2013_BASE;NO_YOY_SOURCE_LAG
2015-01-01,monthly,HCPI,89.4925,index_level,9.4083,dcs,published,CHAIN_LINKED_2013_BASE
2015-02-01,monthly,HCPI,86.3984,index_level,5.7281,dcs,published,CHAIN_LINKED_2013_BASE
2015-03-01,monthly,HCPI,85.367,index_level,4.2636,dcs,published,CHAIN_LINKED_2013_BASE
2015-04-01,monthly,HCPI,84.891,index_level,2.7858,dcs,published,CHAIN_LINKED_2013_BASE
2015-05-01,monthly,HCPI,85.6843,index_level,2.9551,dcs,published,CHAIN_LINKED_2013_BASE
2015-06-01,monthly,HCPI,86.557,index_level,2.7306,dcs,published,CHAIN_LINKED_2013_BASE
2015-07-01,monthly,HCPI,86.3984,index_level,1.7757,dcs,published,CHAIN_LINKED_2013_BASE
2015-08-01,monthly,HCPI,86.0017,index_level,1.8798,dcs,published,CHAIN_LINKED_2013_BASE
2015-09-01,monthly,HCPI,86.0017,index_level,1.8798,dcs,published,CHAIN_LINKED_2013_BASE;REPEATED_VALUE
2015-10-01,monthly,HCPI,86.6364,index_level,3.0189,dcs,published,CHAIN_LINKED_2013_BASE
2015-11-01,monthly,HCPI,88.8578,index_level,4.7708,dcs,published,CHAIN_LINKED_2013_BASE
2015-12-01,monthly,HCPI,89.8099,index_level,4.2357,dcs,published,CHAIN_LINKED_2013_BASE
2016-01-01,monthly,HCPI,88.8578,index_level,-0.7092,dcs,published,CHAIN_LINKED_2013_BASE
2016-02-01,monthly,HCPI,87.9058,index_level,1.7447,dcs,published,CHAIN_LINKED_2013_BASE
2016-03-01,monthly,HCPI,87.2711,index_level,2.2305,dcs,published,CHAIN_LINKED_2013_BASE
2016-04-01,monthly,HCPI,88.5405,index_level,4.299,dcs,published,CHAIN_LINKED_2013_BASE
2016-05-01,monthly,HCPI,90.2066,index_level,5.2779,dcs,published,CHAIN_LINKED_2013_BASE
2016-06-01,monthly,HCPI,92.1107,index_level,6.4162,dcs,published,CHAIN_LINKED_2013_BASE
2016-07-01,monthly,HCPI,91.3966,index_level,5.7851,dcs,published,CHAIN_LINKED_2013_BASE
2016-08-01,monthly,HCPI,89.8892,index_level,4.5203,dcs,published,CHAIN_LINKED_2013_BASE
2016-09-01,monthly,HCPI,90.0479,index_level,4.7048,dcs,published,CHAIN_LINKED_2013_BASE
2016-10-01,monthly,HCPI,90.9999,index_level,5.0366,dcs,published,CHAIN_LINKED_2013_BASE
2016-11-01,monthly,HCPI,92.5073,index_level,4.1071,dcs,published,CHAIN_LINKED_2013_BASE
2016-12-01,monthly,HCPI,93.6181,index_level,4.2403,dcs,published,CHAIN_LINKED_2013_BASE
2017-01-01,monthly,HCPI,94.6495,index_level,6.5179,dcs,published,CHAIN_LINKED_2013_BASE
2017-02-01,monthly,HCPI,95.1255,index_level,8.213,dcs,published,CHAIN_LINKED_2013_BASE
2017-03-01,monthly,HCPI,94.8081,index_level,8.6363,dcs,published,CHAIN_LINKED_2013_BASE
2017-04-01,monthly,HCPI,95.9982,index_level,8.4229,dcs,published,CHAIN_LINKED_2013_BASE
2017-05-01,monthly,HCPI,96.6329,index_level,7.124,dcs,published,CHAIN_LINKED_2013_BASE
2017-06-01,monthly,HCPI,97.9023,index_level,6.2877,dcs,published,CHAIN_LINKED_2013_BASE
2017-07-01,monthly,HCPI,97.1089,index_level,6.25,dcs,published,CHAIN_LINKED_2013_BASE
2017-08-01,monthly,HCPI,97.0296,index_level,7.9436,dcs,published,CHAIN_LINKED_2013_BASE
2017-09-01,monthly,HCPI,97.823,index_level,8.6344,dcs,published,CHAIN_LINKED_2013_BASE
2017-10-01,monthly,HCPI,99.013,index_level,8.8056,dcs,published,CHAIN_LINKED_2013_BASE
2017-11-01,monthly,HCPI,100.282,index_level,8.4044,dcs,published,CHAIN_LINKED_2013_BASE
2017-12-01,monthly,HCPI,100.441,index_level,7.288,dcs,published,CHAIN_LINKED_2013_BASE
2018-01-01,monthly,HCPI,99.8064,index_level,5.4484,dcs,published,CHAIN_LINKED_2013_BASE
2018-02-01,monthly,HCPI,98.1403,index_level,3.1693,dcs,published,CHAIN_LINKED_2013_BASE
2018-03-01,monthly,HCPI,97.4263,index_level,2.7616,dcs,published,CHAIN_LINKED_2013_BASE
2018-04-01,monthly,HCPI,97.5056,index_level,1.5702,dcs,published,CHAIN_LINKED_2013_BASE
2018-05-01,monthly,HCPI,98.6163,index_level,2.0525,dcs,published,CHAIN_LINKED_2013_BASE
2018-06-01,monthly,HCPI,100.362,index_level,2.5124,dcs,published,CHAIN_LINKED_2013_BASE
2018-07-01,monthly,HCPI,100.441,index_level,3.4313,dcs,published,CHAIN_LINKED_2013_BASE
2018-08-01,monthly,HCPI,99.489,index_level,2.5347,dcs,published,CHAIN_LINKED_2013_BASE
2018-09-01,monthly,HCPI,98.6957,index_level,0.8921,dcs,published,CHAIN_LINKED_2013_BASE
2018-10-01,monthly,HCPI,99.0923,index_level,0.0801,dcs,published,CHAIN_LINKED_2013_BASE
2018-11-01,monthly,HCPI,101.314,index_level,1.0291,dcs,published,CHAIN_LINKED_2013_BASE
2018-12-01,monthly,HCPI,100.838,index_level,0.3953,dcs,published,CHAIN_LINKED_2013_BASE
2019-01-01,monthly,HCPI,100.996,index_level,1.1919,dcs,published,CHAIN_LINKED_2013_BASE
2019-02-01,monthly,HCPI,100.52,index_level,2.4248,dcs,published,CHAIN_LINKED_2013_BASE
2019-03-01,monthly,HCPI,100.282,index_level,2.9311,dcs,published,CHAIN_LINKED_2013_BASE
2019-04-01,monthly,HCPI,100.996,index_level,3.5797,dcs,published,CHAIN_LINKED_2013_BASE
2019-05-01,monthly,HCPI,102.107,index_level,3.5397,dcs,published,CHAIN_LINKED_2013_BASE
2019-06-01,monthly,HCPI,102.504,index_level,2.1343,dcs,published,CHAIN_LINKED_2013_BASE
2019-07-01,monthly,HCPI,102.662,index_level,2.2112,dcs,published,CHAIN_LINKED_2013_BASE
2019-08-01,monthly,HCPI,102.9,index_level,3.4285,dcs,published,CHAIN_LINKED_2013_BASE
2019-09-01,monthly,HCPI,103.615,index_level,4.9843,dcs,published,CHAIN_LINKED_2013_BASE
2019-10-01,monthly,HCPI,104.646,index_level,5.6046,dcs,published,CHAIN_LINKED_2013_BASE
2019-11-01,monthly,HCPI,105.439,index_level,4.0715,dcs,published,CHAIN_LINKED_2013_BASE
2019-12-01,monthly,HCPI,107.105,index_level,6.2149,dcs,published,CHAIN_LINKED_2013_BASE
2020-01-01,monthly,HCPI,108.692,index_level,7.6201,dcs,published,CHAIN_LINKED_2013_BASE
2020-02-01,monthly,HCPI,108.692,index_level,8.1297,dcs,published,CHAIN_LINKED_2013_BASE;REPEATED_VALUE
2020-03-01,monthly,HCPI,107.264,index_level,6.9624,dcs,published,CHAIN_LINKED_2013_BASE
2020-04-01,monthly,HCPI,106.947,index_level,5.8923,dcs,published,CHAIN_LINKED_2013_BASE
2020-05-01,monthly,HCPI,107.423,index_level,5.2063,dcs,published,CHAIN_LINKED_2013_BASE
2020-06-01,monthly,HCPI,108.93,index_level,6.269,dcs,published,CHAIN_LINKED_2013_BASE
2020-07-01,monthly,HCPI,108.93,index_level,6.1055,dcs,published,CHAIN_LINKED_2013_BASE;REPEATED_VALUE
2020-08-01,monthly,HCPI,109.327,index_level,6.2459,dcs,published,CHAIN_LINKED_2013_BASE
2020-09-01,monthly,HCPI,110.2,index_level,6.3553,dcs,published,CHAIN_LINKED_2013_BASE
2020-10-01,monthly,HCPI,110.358,index_level,5.4584,dcs,published,CHAIN_LINKED_2013_BASE
2020-11-01,monthly,HCPI,110.914,index_level,5.1926,dcs,published,CHAIN_LINKED_2013_BASE
2020-12-01,monthly,HCPI,112.024,index_level,4.5927,dcs,published,CHAIN_LINKED_2013_BASE
2021-01-01,monthly,HCPI,112.738,index_level,3.7224,dcs,published,CHAIN_LINKED_2013_BASE
2021-02-01,monthly,HCPI,113.294,index_level,4.234,dcs,published,CHAIN_LINKED_2013_BASE
2021-03-01,monthly,HCPI,112.738,index_level,5.1033,dcs,published,CHAIN_LINKED_2013_BASE
2021-04-01,monthly,HCPI,112.818,index_level,5.4896,dcs,published,CHAIN_LINKED_2013_BASE
2021-05-01,monthly,HCPI,113.928,index_level,6.0555,dcs,published,CHAIN_LINKED_2013_BASE
2021-06-01,monthly,HCPI,115.594,index_level,6.1177,dcs,published,CHAIN_LINKED_2013_BASE
2021-07-01,monthly,HCPI,116.309,index_level,6.7741,dcs,published,CHAIN_LINKED_2013_BASE
2021-08-01,monthly,HCPI,116.705,index_level,6.7486,dcs,published,CHAIN_LINKED_2013_BASE
2021-09-01,monthly,HCPI,117.023,index_level,6.1915,dcs,published,CHAIN_LINKED_2013_BASE
2021-10-01,monthly,HCPI,119.482,index_level,8.2676,dcs,published,CHAIN_LINKED_2013_BASE
2021-11-01,monthly,HCPI,123.211,index_level,11.087,dcs,published,CHAIN_LINKED_2013_BASE
2021-12-01,monthly,HCPI,127.733,index_level,14.0229,dcs,published,CHAIN_LINKED_2013_BASE
2022-01-01,monthly,HCPI,131.7,index_level,16.8195,dcs,published,OK
2022-02-01,monthly,HCPI,132.9,index_level,17.3054,dcs,published,OK
2022-03-01,monthly,HCPI,137.3,index_level,21.7868,dcs,published,OK
2022-04-01,monthly,HCPI,151.7,index_level,34.4644,dcs,published,OK
2022-05-01,monthly,HCPI,166.3,index_level,45.9694,dcs,published,OK
2022-06-01,monthly,HCPI,183.5,index_level,58.7453,dcs,published,OK
2022-07-01,monthly,HCPI,193.1,index_level,66.0233,dcs,published,OK
2022-08-01,monthly,HCPI,197.7,index_level,69.4015,dcs,published,OK
2022-09-01,monthly,HCPI,201.9,index_level,72.5302,dcs,published,OK
2022-10-01,monthly,HCPI,201.6,index_level,68.7283,dcs,published,OK
2022-11-01,monthly,HCPI,200.3,index_level,62.5667,dcs,published,OK
2022-12-01,monthly,HCPI,200.4,index_level,56.8898,dcs,published,OK
2023-01-01,monthly,HCPI,201.8,index_level,53.227,dcs,published,OK
2023-02-01,monthly,HCPI,204.1,index_level,53.5741,dcs,published,OK
2023-03-01,monthly,HCPI,204.8,index_level,49.1624,dcs,published,OK
2023-04-01,monthly,HCPI,202.7,index_level,33.619,dcs,published,OK
2023-05-01,monthly,HCPI,203.1,index_level,22.1287,dcs,published,OK
2023-06-01,monthly,HCPI,203.3,index_level,10.7902,dcs,published,OK
2023-07-01,monthly,HCPI,201.9,index_level,4.5572,dcs,published,OK
2023-08-01,monthly,HCPI,201.9,index_level,2.1244,dcs,published,REPEATED_VALUE
2023-09-01,monthly,HCPI,203.5,index_level,0.7925,dcs,published,OK
2023-10-01,monthly,HCPI,203.6,index_level,0.9921,dcs,published,OK
2023-11-01,monthly,HCPI,206.0,index_level,2.8457,dcs,published,OK
2023-12-01,monthly,HCPI,208.8,index_level,4.1916,dcs,published,OK
2024-01-01,monthly,HCPI,215.0,index_level,6.5411,dcs,published,OK
2024-02-01,monthly,HCPI,214.5,index_level,5.0955,dcs,published,OK
2024-03-01,monthly,HCPI,210.0,index_level,2.5391,dcs,published,OK
2024-04-01,monthly,HCPI,208.2,index_level,2.7134,dcs,published,OK
2024-05-01,monthly,HCPI,206.3,index_level,1.5756,dcs,published,OK
2024-06-01,monthly,HCPI,208.1,index_level,2.361,dcs,published,OK
2024-07-01,monthly,HCPI,206.9,index_level,2.4765,dcs,published,OK
2024-08-01,monthly,HCPI,204.1,index_level,1.0896,dcs,published,OK
2024-09-01,monthly,HCPI,203.1,index_level,-0.1966,dcs,published,OK
2024-10-01,monthly,HCPI,202.1,index_level,-0.7367,dcs,published,OK
2024-11-01,monthly,HCPI,202.4,index_level,-1.7476,dcs,published,OK
2024-12-01,monthly,HCPI,204.6,index_level,-2.0115,dcs,published,OK
2025-01-01,monthly,HCPI,206.4,index_level,-4.0,dcs,published,OK
2025-02-01,monthly,HCPI,206.2,index_level,-3.8695,dcs,published,OK
2025-03-01,monthly,HCPI,206.0,index_level,-1.9048,dcs,published,OK
2025-04-01,monthly,HCPI,206.5,index_level,-0.8165,dcs,published,OK
2025-05-01,monthly,HCPI,207.5,index_level,0.5817,dcs,published,OK
2025-06-01,monthly,HCPI,208.7,index_level,0.2883,dcs,published,OK
2025-07-01,monthly,HCPI,208.3,index_level,0.6767,dcs,published,OK
2025-08-01,monthly,HCPI,207.2,index_level,1.5189,dcs,published,OK
2025-09-01,monthly,HCPI,207.4,index_level,2.1172,dcs,published,OK
2025-10-01,monthly,HCPI,207.5,index_level,2.6719,dcs,published,OK
2025-11-01,monthly,HCPI,207.2,index_level,2.3715,dcs,published,OK
2025-12-01,monthly,HCPI,210.5,index_level,2.8837,dcs,published,OK
2026-01-01,monthly,HCPI,211.4,index_level,2.4225,dcs,published,OK
2026-02-01,monthly,HCPI,209.4,index_level,1.5519,dcs,published,OK
2026-03-01,monthly,HCPI,210.9,index_level,2.3786,dcs,published,OK
2026-04-01,monthly,HCPI,216.3,index_level,4.7458,dcs,published,OK
2026-05-01,monthly,HCPI,218.8,index_level,5.4458,dcs,published,OK
2026-06-01,monthly,HCPI,222.3,index_level,6.5165,dcs,published,OK
2026-07-01,monthly,HCPI,223.4,index_level,7.2492,dcs,published,OK
2026-08-01,monthly,HCPI,223.9,index_level,8.0598,dcs,published,OK
2014-01-01,quarterly,HCPI,81.7968,index_level,,dcs,period_average,CHAIN_LINKED_2013_BASE;NO_YOY_SOURCE_LAG
2014-04-01,quarterly,HCPI,83.3571,index_level,,dcs,period_average,CHAIN_LINKED_2013_BASE;NO_YOY_SOURCE_LAG
2014-07-01,quarterly,HCPI,84.5736,index_level,,dcs,period_average,CHAIN_LINKED_2013_BASE;NO_YOY_SOURCE_LAG
2014-10-01,quarterly,HCPI,85.0232,index_level,,dcs,period_average,CHAIN_LINKED_2013_BASE;NO_YOY_SOURCE_LAG
2015-01-01,quarterly,HCPI,87.086,index_level,6.4662,dcs,period_average,CHAIN_LINKED_2013_BASE
2015-04-01,quarterly,HCPI,85.7108,index_level,2.8236,dcs,period_average,CHAIN_LINKED_2013_BASE
2015-07-01,quarterly,HCPI,86.1339,index_level,1.8449,dcs,period_average,CHAIN_LINKED_2013_BASE
2015-10-01,quarterly,HCPI,88.4347,index_level,4.0124,dcs,period_average,CHAIN_LINKED_2013_BASE
2016-01-01,quarterly,HCPI,88.0116,index_level,1.0629,dcs,period_average,CHAIN_LINKED_2013_BASE
2016-04-01,quarterly,HCPI,90.2859,index_level,5.3379,dcs,period_average,CHAIN_LINKED_2013_BASE
2016-07-01,quarterly,HCPI,90.4446,index_level,5.0046,dcs,period_average,CHAIN_LINKED_2013_BASE
2016-10-01,quarterly,HCPI,92.3751,index_level,4.4557,dcs,period_average,CHAIN_LINKED_2013_BASE
2017-01-01,quarterly,HCPI,94.861,index_level,7.7825,dcs,period_average,CHAIN_LINKED_2013_BASE
2017-04-01,quarterly,HCPI,96.8445,index_level,7.2642,dcs,period_average,CHAIN_LINKED_2013_BASE
2017-07-01,quarterly,HCPI,97.3205,index_level,7.6024,dcs,period_average,CHAIN_LINKED_2013_BASE
2017-10-01,quarterly,HCPI,99.912,index_level,8.159,dcs,period_average,CHAIN_LINKED_2013_BASE
2018-01-01,quarterly,HCPI,98.4577,index_level,3.7915,dcs,period_average,CHAIN_LINKED_2013_BASE
2018-04-01,quarterly,HCPI,98.828,index_level,2.0481,dcs,period_average,CHAIN_LINKED_2013_BASE
2018-07-01,quarterly,HCPI,99.5419,index_level,2.2826,dcs,period_average,CHAIN_LINKED_2013_BASE
2018-10-01,quarterly,HCPI,100.4148,index_level,0.5032,dcs,period_average,CHAIN_LINKED_2013_BASE
2019-01-01,quarterly,HCPI,100.5993,index_level,2.1752,dcs,period_average,CHAIN_LINKED_2013_BASE
2019-04-01,quarterly,HCPI,101.869,index_level,3.0771,dcs,period_average,CHAIN_LINKED_2013_BASE
2019-07-01,quarterly,HCPI,103.059,index_level,3.5333,dcs,period_average,CHAIN_LINKED_2013_BASE
2019-10-01,quarterly,HCPI,105.73,index_level,5.2933,dcs,period_average,CHAIN_LINKED_2013_BASE
2020-01-01,quarterly,HCPI,108.216,index_level,7.5713,dcs,period_average,CHAIN_LINKED_2013_BASE
2020-04-01,quarterly,HCPI,107.7667,index_level,5.7895,dcs,period_average,CHAIN_LINKED_2013_BASE
2020-07-01,quarterly,HCPI,109.4857,index_level,6.2359,dcs,period_average,CHAIN_LINKED_2013_BASE
2020-10-01,quarterly,HCPI,111.0987,index_level,5.0777,dcs,period_average,CHAIN_LINKED_2013_BASE
2021-01-01,quarterly,HCPI,112.9233,index_level,4.3499,dcs,period_average,CHAIN_LINKED_2013_BASE
2021-04-01,quarterly,HCPI,114.1133,index_level,5.8893,dcs,period_average,CHAIN_LINKED_2013_BASE
2021-07-01,quarterly,HCPI,116.679,index_level,6.5701,dcs,period_average,CHAIN_LINKED_2013_BASE
2021-10-01,quarterly,HCPI,123.4753,index_level,11.1402,dcs,period_average,CHAIN_LINKED_2013_BASE
2022-01-01,quarterly,HCPI,133.9667,index_level,18.6351,dcs,period_average,OK
2022-04-01,quarterly,HCPI,167.1667,index_level,46.4918,dcs,period_average,OK
2022-07-01,quarterly,HCPI,197.5667,index_level,69.325,dcs,period_average,OK
2022-10-01,quarterly,HCPI,200.7667,index_level,62.5966,dcs,period_average,OK
2023-01-01,quarterly,HCPI,203.5667,index_level,51.9532,dcs,period_average,OK
2023-04-01,quarterly,HCPI,203.0333,index_level,21.4556,dcs,period_average,OK
2023-07-01,quarterly,HCPI,202.4333,index_level,2.4633,dcs,period_average,OK
2023-10-01,quarterly,HCPI,206.1333,index_level,2.6731,dcs,period_average,OK
2024-01-01,quarterly,HCPI,213.1667,index_level,4.7159,dcs,period_average,OK
2024-04-01,quarterly,HCPI,207.5333,index_level,2.2164,dcs,period_average,OK
2024-07-01,quarterly,HCPI,204.7,index_level,1.1197,dcs,period_average,OK
2024-10-01,quarterly,HCPI,203.0333,index_level,-1.5039,dcs,period_average,OK
2025-01-01,quarterly,HCPI,206.2,index_level,-3.2682,dcs,period_average,OK
2025-04-01,quarterly,HCPI,207.5667,index_level,0.0161,dcs,period_average,OK
2025-07-01,quarterly,HCPI,207.6333,index_level,1.433,dcs,period_average,OK
2025-10-01,quarterly,HCPI,208.4,index_level,2.6432,dcs,period_average,OK
2026-01-01,quarterly,HCPI,210.5667,index_level,2.1177,dcs,period_average,OK
2026-04-01,quarterly,HCPI,219.1333,index_level,5.5725,dcs,period_average,OK
2014-01-01,annual,HCPI,83.6877,index_level,,dcs,period_average,CHAIN_LINKED_2013_BASE;NO_YOY_SOURCE_LAG
2015-01-01,annual,HCPI,86.8413,index_level,3.7684,dcs,period_average,CHAIN_LINKED_2013_BASE
2016-01-01,annual,HCPI,90.2793,index_level,3.9589,dcs,period_average,CHAIN_LINKED_2013_BASE
2017-01-01,annual,HCPI,97.2345,index_level,7.7041,dcs,period_average,CHAIN_LINKED_2013_BASE
2018-01-01,annual,HCPI,99.3106,index_level,2.1351,dcs,period_average,CHAIN_LINKED_2013_BASE
2019-01-01,annual,HCPI,102.8143,index_level,3.5281,dcs,period_average,CHAIN_LINKED_2013_BASE
2020-01-01,annual,HCPI,109.1418,index_level,6.1542,dcs,period_average,CHAIN_LINKED_2013_BASE
2021-01-01,annual,HCPI,116.7977,index_level,7.0147,dcs,period_average,CHAIN_LINKED_2013_BASE
2022-01-01,annual,HCPI,174.8667,index_level,49.7175,dcs,period_average,OK
2023-01-01,annual,HCPI,203.7917,index_level,16.5412,dcs,period_average,OK
2024-01-01,annual,HCPI,207.1083,index_level,1.6275,dcs,period_average,OK
2025-01-01,annual,HCPI,207.45,index_level,0.165,dcs,period_average,OK
